"","id","age","citizenship","ethnicity","year","degree","gender","condition","totalRT","causeRT","causeBlue","causePink","causeOrange","causeB&P","causeP&O","causeB&O","causeAll","causeOther","causeBlue_norm","causePink_norm","causeOrange_norm","causeB&P_norm","causeP&O_norm","causeB&O_norm","causeAll_norm","causeOther_norm","attentionRT","attentionBlue","attentionPink","attentionOrange","order","event","atomic","atomic_norm","two_conjunct","two_conjunct_norm"
"1",1,22,"ct","chinese",2,5,"Female","R2V3",6.322583333,6.883,9,8,9,8,9,8,9,8,0.25,0,0.25,0,0.25,0,0.25,0,NA,NA,NA,NA,0,"P",8.66666666666667,0.166666666666667,8.33333333333333,0.0833333333333333
"2",2,23,"ct","chinese",4,4,"Female","RV23",7.933683333,24.58,3,3,3,7,7,7,8,3,0.0606060606060606,0.0606060606060606,0.0606060606060606,0.181818181818182,0.181818181818182,0.181818181818182,0.212121212121212,0.0606060606060606,NA,NA,NA,NA,0,"P",3,0.0606060606060606,7,0.181818181818182
"3",3,NA,"ct","chinese",3,6,"Female","V23R",21.7108,47.257,9,9,9,9,9,9,9,1,0.142857142857143,0.142857142857143,0.142857142857143,0.142857142857143,0.142857142857143,0.142857142857143,0.142857142857143,0,NA,NA,NA,NA,0,"P",9,0.142857142857143,9,0.142857142857143
"4",4,20,"ct","chinese",2,3,"Female","3R2V",7.259166667,24.02,1,1,1,4,4,4,6,7,0,0,0,0.15,0.15,0.15,0.25,0.3,NA,NA,NA,NA,0,"P",1,0,4,0.15
"5",5,22,"ct","chinese",3,3,"Female","R2V3",8.043233333,53.779,1,4,5,2,8,4,6,7,0,0.103448275862069,0.137931034482759,0.0344827586206897,0.241379310344828,0.103448275862069,0.172413793103448,0.206896551724138,NA,NA,NA,NA,0,"P",3.33333333333333,0.0804597701149425,4.66666666666667,0.126436781609195
"6",6,24,"ct","chinese",4,6,"Male","3R2V",7.813433333,23.755,1,1,1,4,4,4,4,6,0,0,0,0.176470588235294,0.176470588235294,0.176470588235294,0.176470588235294,0.294117647058824,NA,NA,NA,NA,0,"P",1,0,4,0.176470588235294
"7",7,22,"ct","chinese",1,3,"Male","3R2V",8.8744,45.662,7,5,5,5,5,5,5,5,0.176470588235294,0.117647058823529,0.117647058823529,0.117647058823529,0.117647058823529,0.117647058823529,0.117647058823529,0.117647058823529,NA,NA,NA,NA,0,"P",5.66666666666667,0.137254901960784,5,0.117647058823529
"8",8,21,"ct","chinese",1,3,"Female","RV23",9.703733333,71.863,4,3,7,3,4,6,6,5,0.1,0.0666666666666667,0.2,0.0666666666666667,0.1,0.166666666666667,0.166666666666667,0.133333333333333,NA,NA,NA,NA,0,"P",4.66666666666667,0.122222222222222,4.33333333333333,0.111111111111111
"9",9,24,"ct","chinese",4,6,"Male","3R2V",11.59553333,27.997,5,5,5,7,7,7,9,5,0.0952380952380952,0.0952380952380952,0.0952380952380952,0.142857142857143,0.142857142857143,0.142857142857143,0.19047619047619,0.0952380952380952,NA,NA,NA,NA,0,"P",5,0.0952380952380952,7,0.142857142857143
"10",10,19,"ct","chinese",1,3,"Female","3RV2",34.83503333,86.221,2,2,2,4,5,5,8,6,0.0384615384615385,0.0384615384615385,0.0384615384615385,0.115384615384615,0.153846153846154,0.153846153846154,0.269230769230769,0.192307692307692,NA,NA,NA,NA,0,"P",2,0.0384615384615385,4.66666666666667,0.141025641025641
"11",11,20,"ct","chinese",2,3,"Female","23RV",10.15468333,84.751,6,7,9,2,3,4,8,5,0.138888888888889,0.166666666666667,0.222222222222222,0.0277777777777778,0.0555555555555556,0.0833333333333333,0.194444444444444,0.111111111111111,NA,NA,NA,NA,0,"P",7.33333333333333,0.175925925925926,3,0.0555555555555556
"12",12,25,"ct","chinese",4,3,"Male","2V3R",8.49305,30.413,9,3,4,9,5,9,9,6,0.173913043478261,0.0434782608695652,0.0652173913043478,0.173913043478261,0.0869565217391304,0.173913043478261,0.173913043478261,0.108695652173913,NA,NA,NA,NA,0,"P",5.33333333333333,0.0942028985507246,7.66666666666667,0.144927536231884
"13",13,24,"ct","chinese",5,6,"Female","23RV",13.88263333,107.99,2,8,7,9,9,8,9,6,0.02,0.14,0.12,0.16,0.16,0.14,0.16,0.1,NA,NA,NA,NA,0,"P",5.66666666666667,0.0933333333333333,8.66666666666667,0.153333333333333
"14",14,22,"ct","chinese",2,3,"Male","2V3R",9.295016667,29.313,1,1,1,6,8,7,9,1,0,0,0,0.192307692307692,0.269230769230769,0.230769230769231,0.307692307692308,0,NA,NA,NA,NA,0,"P",1,0,7,0.230769230769231
"15",15,25,"ct","chinese",3,4,"Male","RV23",9.30505,44.367,2,9,2,7,4,3,2,4,0.04,0.32,0.04,0.24,0.12,0.08,0.04,0.12,NA,NA,NA,NA,0,"P",4.33333333333333,0.133333333333333,4.66666666666667,0.146666666666667
"16",16,20,"ct","chinese",1,3,"Female","RV23",7.5313,31.803,3,3,3,6,8,6,5,4,0.0666666666666667,0.0666666666666667,0.0666666666666667,0.166666666666667,0.233333333333333,0.166666666666667,0.133333333333333,0.1,NA,NA,NA,NA,0,"P",3,0.0666666666666667,6.66666666666667,0.188888888888889
"17",17,21,"ct","chinese",3,3,"Female","RV23",9.482633333,41.309,8,1,5,3,2,6,5,6,0.25,0,0.142857142857143,0.0714285714285714,0.0357142857142857,0.178571428571429,0.142857142857143,0.178571428571429,NA,NA,NA,NA,0,"P",4.66666666666667,0.130952380952381,3.66666666666667,0.0952380952380952
"18",18,20,"ct","chinese",2,3,"Female","R2V3",12.80763333,40.647,3,3,3,6,6,6,9,1,0.0689655172413793,0.0689655172413793,0.0689655172413793,0.172413793103448,0.172413793103448,0.172413793103448,0.275862068965517,0,NA,NA,NA,NA,0,"P",3,0.0689655172413793,6,0.172413793103448
"19",19,22,"ct","chinese",1,3,"Male","2V3R",10.45451667,54.68,6,6,6,3,3,3,1,1,0.238095238095238,0.238095238095238,0.238095238095238,0.0952380952380952,0.0952380952380952,0.0952380952380952,0,0,NA,NA,NA,NA,0,"P",6,0.238095238095238,3,0.0952380952380952
"20",20,21,"ct","chinese",1,3,"Male","23RV",61.74101667,101.407,2,7,3,6,6,4,3,5,0.0357142857142857,0.214285714285714,0.0714285714285714,0.178571428571429,0.178571428571429,0.107142857142857,0.0714285714285714,0.142857142857143,NA,NA,NA,NA,0,"P",4,0.107142857142857,5.33333333333333,0.154761904761905
"21",21,32,"ct","chinese",6,6,"Male","V3R2",9.870183333,47.701,6,6,7,6,6,6,8,8,0.111111111111111,0.111111111111111,0.133333333333333,0.111111111111111,0.111111111111111,0.111111111111111,0.155555555555556,0.155555555555556,NA,NA,NA,NA,0,"P",6.33333333333333,0.118518518518519,6,0.111111111111111
"22",22,20,"ct","chinese",2,3,"Female","RV23",10.512,43.066,5,5,5,5,5,5,5,5,0.125,0.125,0.125,0.125,0.125,0.125,0.125,0.125,NA,NA,NA,NA,0,"P",5,0.125,5,0.125
"23",23,22,"ct","chinese",3,3,"Female","V3R2",12.13841667,81.124,6,4,6,2,2,2,8,8,0.166666666666667,0.1,0.166666666666667,0.0333333333333333,0.0333333333333333,0.0333333333333333,0.233333333333333,0.233333333333333,NA,NA,NA,NA,0,"P",5.33333333333333,0.144444444444444,2,0.0333333333333333
"24",24,23,"ct","chinese",2,4,"Female","R2V3",8.303166667,60.661,7,2,2,2,2,2,2,8,0.315789473684211,0.0526315789473684,0.0526315789473684,0.0526315789473684,0.0526315789473684,0.0526315789473684,0.0526315789473684,0.368421052631579,NA,NA,NA,NA,0,"P",3.66666666666667,0.140350877192982,2,0.0526315789473684
"25",25,21,"ct","chinese",2,3,"Female","R2V3",8.4293,39.606,3,3,3,5,5,5,7,5,0.05,0.05,0.05,0.15,0.15,0.15,0.25,0.15,NA,NA,NA,NA,0,"P",3,0.05,5,0.15
"26",26,21,"ct","chinese",3,6,"Female","R2V3",10.90145,46.324,7,3,5,6,4,8,8,1,0.176470588235294,0.0588235294117647,0.117647058823529,0.147058823529412,0.0882352941176471,0.205882352941176,0.205882352941176,0,NA,NA,NA,NA,0,"P",5,0.117647058823529,6,0.147058823529412
"27",27,37,"nc","indian",6,6,"Male","3R2V",9.993816667,55.18,1,1,1,6,6,6,9,6,0,0,0,0.178571428571429,0.178571428571429,0.178571428571429,0.285714285714286,0.178571428571429,NA,NA,NA,NA,0,"P",1,0,6,0.178571428571429
"28",28,23,"ct","chinese",3,4,"Male","RV23",8.291133333,26.95,5,5,5,5,5,5,5,5,0.125,0.125,0.125,0.125,0.125,0.125,0.125,0.125,NA,NA,NA,NA,0,"P",5,0.125,5,0.125
"29",29,22,"pr","chinese",3,3,"Female","V3R2",17.15495,55.211,2,2,2,5,5,5,8,8,0.0344827586206897,0.0344827586206897,0.0344827586206897,0.137931034482759,0.137931034482759,0.137931034482759,0.241379310344828,0.241379310344828,NA,NA,NA,NA,0,"P",2,0.0344827586206897,5,0.137931034482759
"30",30,24,"ct","chinese",4,4,"Female","RV23",8.467,28.887,3,1,8,1,1,4,1,6,0.117647058823529,0,0.411764705882353,0,0,0.176470588235294,0,0.294117647058824,NA,NA,NA,NA,0,"P",4,0.176470588235294,2,0.0588235294117647
"31",31,20,"ct","chinese",1,3,"Female","3RV2",10.96646667,32.439,2,2,2,4,4,4,8,8,0.0384615384615385,0.0384615384615385,0.0384615384615385,0.115384615384615,0.115384615384615,0.115384615384615,0.269230769230769,0.269230769230769,NA,NA,NA,NA,0,"P",2,0.0384615384615385,4,0.115384615384615
"32",32,22,"ct","chinese",3,3,"Female","RV23",9.695683333,55.562,2,3,2,4,4,4,7,2,0.05,0.1,0.05,0.15,0.15,0.15,0.3,0.05,NA,NA,NA,NA,0,"P",2.33333333333333,0.0666666666666667,4,0.15
"33",33,23,"pr","chinese",3,4,"Female","2V3R",12.31363333,90.667,4,4,4,6,6,6,8,8,0.0789473684210526,0.0789473684210526,0.0789473684210526,0.131578947368421,0.131578947368421,0.131578947368421,0.184210526315789,0.184210526315789,NA,NA,NA,NA,0,"P",4,0.0789473684210526,6,0.131578947368421
"34",34,22,"ct","chinese",1,3,"Male","3R2V",8.860066667,57.272,9,3,7,5,4,9,6,6,0.24,0,0.16,0.08,0.04,0.24,0.12,0.12,NA,NA,NA,NA,0,"P",6.33333333333333,0.133333333333333,6,0.12
"35",35,24,"ct","chinese",4,3,"Male","V3R2",10.16185,53.269,7,7,7,3,3,3,9,7,0.157894736842105,0.157894736842105,0.157894736842105,0.0526315789473684,0.0526315789473684,0.0526315789473684,0.210526315789474,0.157894736842105,NA,NA,NA,NA,0,"P",7,0.157894736842105,3,0.0526315789473684
"36",36,NA,"-1","-1",-1,-1,"Male","3R2V",12.77731667,26.868,5,5,5,5,5,5,5,5,0.125,0.125,0.125,0.125,0.125,0.125,0.125,0.125,NA,NA,NA,NA,0,"P",5,0.125,5,0.125
"37",37,20,"ct","chinese",1,6,"Female","23RV",130.1343833,75.518,6,6,6,7,7,7,9,6,0.108695652173913,0.108695652173913,0.108695652173913,0.130434782608696,0.130434782608696,0.130434782608696,0.173913043478261,0.108695652173913,NA,NA,NA,NA,0,"P",6,0.108695652173913,7,0.130434782608696
"38",38,21,"ct","chinese",3,3,"Female","R2V3",13.1494,88.734,2,2,2,6,6,6,9,9,0.0294117647058824,0.0294117647058824,0.0294117647058824,0.147058823529412,0.147058823529412,0.147058823529412,0.235294117647059,0.235294117647059,NA,NA,NA,NA,0,"P",2,0.0294117647058824,6,0.147058823529412
"39",39,21,"ct","chinese",3,3,"Female","3RV2",7.469633333,24.636,6,6,6,7,7,7,8,6,0.111111111111111,0.111111111111111,0.111111111111111,0.133333333333333,0.133333333333333,0.133333333333333,0.155555555555556,0.111111111111111,NA,NA,NA,NA,0,"P",6,0.111111111111111,7,0.133333333333333
"40",40,21,"ct","chinese",3,3,"Female","3RV2",7.746933333,9.33,2,2,2,3,3,3,4,3,0.0714285714285714,0.0714285714285714,0.0714285714285714,0.142857142857143,0.142857142857143,0.142857142857143,0.214285714285714,0.142857142857143,NA,NA,NA,NA,0,"P",2,0.0714285714285714,3,0.142857142857143
"41",41,21,"ct","chinese",3,3,"Hide","3R2V",11.37931667,64.083,9,9,9,7,7,7,3,9,0.153846153846154,0.153846153846154,0.153846153846154,0.115384615384615,0.115384615384615,0.115384615384615,0.0384615384615385,0.153846153846154,NA,NA,NA,NA,0,"P",9,0.153846153846154,7,0.115384615384615
"42",42,22,"ct","chinese",3,3,"Female","V3R2",11.45718333,41.823,4,8,6,2,8,2,3,7,0.09375,0.21875,0.15625,0.03125,0.21875,0.03125,0.0625,0.1875,NA,NA,NA,NA,0,"P",6,0.15625,4,0.09375
"43",43,23,"ct","chinese",3,3,"Male","2V3R",9.098166667,31.318,3,3,3,6,6,6,9,4,0.0625,0.0625,0.0625,0.15625,0.15625,0.15625,0.25,0.09375,NA,NA,NA,NA,0,"P",3,0.0625,6,0.15625
"44",44,21,"ct","chinese",2,-1,"Female","R2V3",14.54021667,23.99,5,5,5,5,5,5,5,5,0.125,0.125,0.125,0.125,0.125,0.125,0.125,0.125,NA,NA,NA,NA,0,"P",5,0.125,5,0.125
"45",45,24,"ct","chinese",3,4,"Male","3R2V",8.287983333,21.892,4,4,4,4,4,4,4,4,0.125,0.125,0.125,0.125,0.125,0.125,0.125,0.125,NA,NA,NA,NA,0,"P",4,0.125,4,0.125
"46",46,23,"-1","-1",-1,6,"Female","V23R",10.60193333,68.686,3,3,3,5,5,5,8,1,0.08,0.08,0.08,0.16,0.16,0.16,0.28,0,NA,NA,NA,NA,0,"P",3,0.08,5,0.16
"47",47,24,"ct","chinese",4,4,"Female","V3R2",11.27976667,111.442,2,8,3,4,3,2,2,1,0.0588235294117647,0.411764705882353,0.117647058823529,0.176470588235294,0.117647058823529,0.0588235294117647,0.0588235294117647,0,NA,NA,NA,NA,0,"P",4.33333333333333,0.196078431372549,3,0.117647058823529
"48",48,33,"ct","chinese",6,6,"Male","R2V3",14.4798,361.124,7,7,7,6,6,6,5,2,0.166666666666667,0.166666666666667,0.166666666666667,0.133333333333333,0.133333333333333,0.133333333333333,0.1,0,NA,NA,NA,NA,0,"P",7,0.166666666666667,6,0.133333333333333
"49",49,22,"nc","chinese",6,6,"Male","RV23",8.775083333,51.037,3,1,7,1,3,3,4,5,0.105263157894737,0,0.315789473684211,0,0.105263157894737,0.105263157894737,0.157894736842105,0.210526315789474,NA,NA,NA,NA,0,"P",3.66666666666667,0.140350877192982,2.33333333333333,0.0701754385964912
"50",50,22,"ct","chinese",2,3,"Male","R2V3",8.2092,39.398,7,2,6,2,2,2,2,2,0.352941176470588,0.0588235294117647,0.294117647058824,0.0588235294117647,0.0588235294117647,0.0588235294117647,0.0588235294117647,0.0588235294117647,NA,NA,NA,NA,0,"P",5,0.235294117647059,2,0.0588235294117647
"51",51,25,"ct","chinese",3,3,"Male","2V3R",11.63346667,107.197,5,3,4,8,7,9,6,1,0.114285714285714,0.0571428571428571,0.0857142857142857,0.2,0.171428571428571,0.228571428571429,0.142857142857143,0,NA,NA,NA,NA,0,"P",4,0.0857142857142857,8,0.2
"52",52,21,"ct","chinese",3,3,"Female","23RV",12.80496667,90.776,6,5,5,5,5,5,6,5,0.147058823529412,0.117647058823529,0.117647058823529,0.117647058823529,0.117647058823529,0.117647058823529,0.147058823529412,0.117647058823529,NA,NA,NA,NA,0,"P",5.33333333333333,0.127450980392157,5,0.117647058823529
"53",53,23,"ct","chinese",4,6,"Female","23RV",18.60568333,159.193,1,1,1,1,1,1,1,9,0,0,0,0,0,0,0,1,NA,NA,NA,NA,0,"P",1,0,1,0
"54",54,28,"ct","chinese",2,4,"Female","23RV",8.231733333,48.111,9,3,4,5,4,5,9,9,0.2,0.05,0.075,0.1,0.075,0.1,0.2,0.2,NA,NA,NA,NA,0,"P",5.33333333333333,0.108333333333333,4.66666666666667,0.0916666666666667
"55",55,24,"ct","chinese",3,4,"Female","23RV",8.871633333,53.214,2,6,6,3,6,3,3,6,0.037037037037037,0.185185185185185,0.185185185185185,0.0740740740740741,0.185185185185185,0.0740740740740741,0.0740740740740741,0.185185185185185,NA,NA,NA,NA,0,"P",4.66666666666667,0.135802469135802,4,0.111111111111111
"56",56,23,"ct","chinese",3,3,"Male","3R2V",139.1955,26.033,8,2,2,2,2,2,2,5,0.411764705882353,0.0588235294117647,0.0588235294117647,0.0588235294117647,0.0588235294117647,0.0588235294117647,0.0588235294117647,0.235294117647059,NA,NA,NA,NA,0,"P",4,0.176470588235294,2,0.0588235294117647
"57",57,21,"ct","chinese",2,3,"Female","2V3R",18.0682,40.519,3,3,3,5,5,5,8,5,0.0689655172413793,0.0689655172413793,0.0689655172413793,0.137931034482759,0.137931034482759,0.137931034482759,0.241379310344828,0.137931034482759,NA,NA,NA,NA,0,"P",3,0.0689655172413793,5,0.137931034482759
"58",58,22,"ct","chinese",2,6,"Female","3R2V",6.782983333,13.341,7,7,7,7,7,7,8,6,0.125,0.125,0.125,0.125,0.125,0.125,0.145833333333333,0.104166666666667,NA,NA,NA,NA,0,"P",7,0.125,7,0.125
"59",59,19,"nc","other",1,3,"Female","R2V3",9.871433333,34.292,3,3,3,5,5,5,8,3,0.0740740740740741,0.0740740740740741,0.0740740740740741,0.148148148148148,0.148148148148148,0.148148148148148,0.259259259259259,0.0740740740740741,NA,NA,NA,NA,0,"P",3,0.0740740740740741,5,0.148148148148148
"60",60,24,"ct","chinese",4,6,"Male","3R2V",10.08853333,43.059,4,4,4,7,7,7,6,5,0.0833333333333333,0.0833333333333333,0.0833333333333333,0.166666666666667,0.166666666666667,0.166666666666667,0.138888888888889,0.111111111111111,NA,NA,NA,NA,0,"P",4,0.0833333333333333,7,0.166666666666667
"61",61,NA,"nc","chinese",4,6,"Male","V23R",23.57891667,62.029,2,1,2,3,2,3,5,7,0.0588235294117647,0,0.0588235294117647,0.117647058823529,0.0588235294117647,0.117647058823529,0.235294117647059,0.352941176470588,NA,NA,NA,NA,0,"P",1.66666666666667,0.0392156862745098,2.66666666666667,0.0980392156862745
"62",62,21,"ct","chinese",1,3,"Male","23RV",40.9505,86.549,2,2,2,4,4,4,7,1,0.0555555555555556,0.0555555555555556,0.0555555555555556,0.166666666666667,0.166666666666667,0.166666666666667,0.333333333333333,0,NA,NA,NA,NA,0,"P",2,0.0555555555555556,4,0.166666666666667
"63",63,21,"ct","chinese",3,3,"Female","V3R2",9.21565,83.89,6,5,7,5,5,6,5,5,0.25,0,0.5,0,0,0.25,0,0,NA,NA,NA,NA,0,"P",6,0.25,5.33333333333333,0.0833333333333333
"64",64,23,"ct","chinese",3,3,"Male","23RV",8.565616667,84.013,2,5,5,2,8,3,1,7,0.04,0.16,0.16,0.04,0.28,0.08,0,0.24,NA,NA,NA,NA,0,"P",4,0.12,4.33333333333333,0.133333333333333
"65",1,22,"ct","chinese",2,5,"Female","R2V3",6.322583333,8.533,9,8,9,8,9,8,9,8,0.25,0,0.25,0,0.25,0,0.25,0,4.38,1,1,1,1,"R",8.66666666666667,0.166666666666667,8.33333333333333,0.0833333333333333
"66",2,23,"ct","chinese",4,4,"Female","RV23",7.933683333,15.22,2,2,2,8,1,1,1,3,0.0833333333333333,0.0833333333333333,0.0833333333333333,0.583333333333333,0,0,0,0.166666666666667,11.048,1,1,0,1,"R",2,0.0833333333333333,3.33333333333333,0.194444444444444
"67",3,NA,"ct","chinese",3,6,"Female","V23R",21.7108,34.236,9,1,1,9,1,9,9,3,0.235294117647059,0,0,0.235294117647059,0,0.235294117647059,0.235294117647059,0.0588235294117647,6.01,1,1,1,1,"V",3.66666666666667,0.0784313725490196,6.33333333333333,0.156862745098039
"68",4,20,"ct","chinese",2,3,"Female","3R2V",7.259166667,21.342,1,1,1,1,1,1,9,2,0,0,0,0,0,0,0.888888888888889,0.111111111111111,8.952,1,1,1,1,"3",1,0,1,0
"69",5,22,"ct","chinese",3,3,"Female","R2V3",8.043233333,24.069,1,9,1,9,1,1,1,4,0,0.421052631578947,0,0.421052631578947,0,0,0,0.157894736842105,9.192,1,1,0,1,"R",3.66666666666667,0.140350877192982,3.66666666666667,0.140350877192982
"70",6,24,"ct","chinese",4,6,"Male","3R2V",7.813433333,14.421,1,1,1,1,1,1,9,2,0,0,0,0,0,0,0.888888888888889,0.111111111111111,12.73,1,0,1,1,"3",1,0,1,0
"71",7,22,"ct","chinese",1,3,"Male","3R2V",8.8744,46.112,1,7,1,7,4,2,7,3,0,0.25,0,0.25,0.125,0.0416666666666667,0.25,0.0833333333333333,12.908,1,1,1,1,"3",3,0.0833333333333333,4.33333333333333,0.138888888888889
"72",8,21,"ct","chinese",1,3,"Female","RV23",9.703733333,28.372,1,1,1,9,1,1,1,7,0,0,0,0.571428571428571,0,0,0,0.428571428571429,17.044,1,1,0,1,"R",1,0,3.66666666666667,0.19047619047619
"73",9,24,"ct","chinese",4,6,"Male","3R2V",11.59553333,38.226,1,7,1,7,7,1,7,1,0,0.25,0,0.25,0.25,0,0.25,0,18.892,0,1,0,1,"3",3,0.0833333333333333,5,0.166666666666667
"74",10,19,"ct","chinese",1,3,"Female","3RV2",34.83503333,27.321,2,2,2,3,3,3,9,1,0.0588235294117647,0.0588235294117647,0.0588235294117647,0.117647058823529,0.117647058823529,0.117647058823529,0.470588235294118,0,9.393,1,1,1,1,"3",2,0.0588235294117647,3,0.117647058823529
"75",11,20,"ct","chinese",2,3,"Female","23RV",10.15468333,42.875,7,9,1,8,1,1,1,1,0.285714285714286,0.380952380952381,0,0.333333333333333,0,0,0,0,17.529,1,1,0,1,"2",5.66666666666667,0.222222222222222,3.33333333333333,0.111111111111111
"76",12,25,"ct","chinese",4,3,"Male","2V3R",8.49305,33.061,1,6,6,9,5,4,8,6,0,0.135135135135135,0.135135135135135,0.216216216216216,0.108108108108108,0.0810810810810811,0.189189189189189,0.135135135135135,12.477,1,1,0,1,"2",4.33333333333333,0.0900900900900901,6,0.135135135135135
"77",13,24,"ct","chinese",5,6,"Female","23RV",13.88263333,46.041,4,9,1,9,1,1,1,1,0.157894736842105,0.421052631578947,0,0.421052631578947,0,0,0,0,39.781,1,1,0,1,"2",4.66666666666667,0.192982456140351,3.66666666666667,0.140350877192982
"78",14,22,"ct","chinese",2,3,"Male","2V3R",9.295016667,81.655,6,8,1,9,1,1,5,1,0.208333333333333,0.291666666666667,0,0.333333333333333,0,0,0.166666666666667,0,15.932,1,1,0,1,"2",5,0.166666666666667,3.66666666666667,0.111111111111111
"79",15,25,"ct","chinese",3,4,"Male","RV23",9.30505,53.801,5,6,2,9,4,3,2,1,0.166666666666667,0.208333333333333,0.0416666666666667,0.333333333333333,0.125,0.0833333333333333,0.0416666666666667,0,14.783,1,1,0,1,"R",4.33333333333333,0.138888888888889,5.33333333333333,0.180555555555556
"80",16,20,"ct","chinese",1,3,"Female","RV23",7.5313,19.495,6,7,1,9,2,2,9,5,0.151515151515152,0.181818181818182,0,0.242424242424242,0.0303030303030303,0.0303030303030303,0.242424242424242,0.121212121212121,10.556,1,1,0,1,"R",4.66666666666667,0.111111111111111,4.33333333333333,0.101010101010101
"81",17,21,"ct","chinese",3,3,"Female","RV23",9.482633333,26.53,4,7,1,9,6,6,8,6,0.0769230769230769,0.153846153846154,0,0.205128205128205,0.128205128205128,0.128205128205128,0.179487179487179,0.128205128205128,15.928,1,1,0,1,"R",4,0.0769230769230769,7,0.153846153846154
"82",18,20,"ct","chinese",2,3,"Female","R2V3",12.80763333,210.691,9,3,9,6,3,9,9,1,0.195121951219512,0.0487804878048781,0.195121951219512,0.121951219512195,0.0487804878048781,0.195121951219512,0.195121951219512,0,21.058,1,1,0,1,"R",7,0.146341463414634,6,0.121951219512195
"83",19,22,"ct","chinese",1,3,"Male","2V3R",10.45451667,30.622,1,6,1,9,1,1,1,1,0,0.384615384615385,0,0.615384615384615,0,0,0,0,11.484,1,1,0,1,"2",2.66666666666667,0.128205128205128,3.66666666666667,0.205128205128205
"84",20,21,"ct","chinese",1,3,"Male","23RV",61.74101667,44.818,5,8,1,7,1,1,1,6,0.181818181818182,0.318181818181818,0,0.272727272727273,0,0,0,0.227272727272727,16.277,0,1,0,1,"2",4.66666666666667,0.166666666666667,3,0.0909090909090909
"85",21,32,"ct","chinese",6,6,"Male","V3R2",9.870183333,35.855,1,9,1,8,8,1,1,1,0,0.363636363636364,0,0.318181818181818,0.318181818181818,0,0,0,12.156,0,1,0,1,"V",3.66666666666667,0.121212121212121,5.66666666666667,0.212121212121212
"86",22,20,"ct","chinese",2,3,"Female","RV23",10.512,99.591,1,8,2,9,8,5,8,2,0,0.2,0.0285714285714286,0.228571428571429,0.2,0.114285714285714,0.2,0.0285714285714286,16.649,1,1,0,1,"R",3.66666666666667,0.0761904761904762,7.33333333333333,0.180952380952381
"87",23,22,"ct","chinese",3,3,"Female","V3R2",12.13841667,97.879,2,7,2,8,8,6,1,1,0.037037037037037,0.222222222222222,0.037037037037037,0.259259259259259,0.259259259259259,0.185185185185185,0,0,31.707,1,1,1,1,"V",3.66666666666667,0.0987654320987654,7.33333333333333,0.234567901234568
"88",24,23,"ct","chinese",2,4,"Female","R2V3",8.303166667,38.686,1,1,5,9,5,5,1,2,0,0,0.19047619047619,0.380952380952381,0.19047619047619,0.19047619047619,0,0.0476190476190476,16.541,0,1,0,1,"R",2.33333333333333,0.0634920634920635,6.33333333333333,0.253968253968254
"89",25,21,"ct","chinese",2,3,"Female","R2V3",8.4293,30.058,7,7,2,7,2,2,7,4,0.227272727272727,0.227272727272727,0,0.227272727272727,0,0,0.227272727272727,0.0909090909090909,10.796,1,1,0,1,"R",5.33333333333333,0.151515151515152,3.66666666666667,0.0757575757575758
"90",26,21,"ct","chinese",3,6,"Female","R2V3",10.90145,33.603,7,1,5,9,3,3,7,1,0.214285714285714,0,0.142857142857143,0.285714285714286,0.0714285714285714,0.0714285714285714,0.214285714285714,0,17.365,1,1,0,1,"R",4.33333333333333,0.119047619047619,5,0.142857142857143
"91",27,37,"nc","indian",6,6,"Male","3R2V",9.993816667,34.909,9,9,9,8,8,8,9,7,0.135593220338983,0.135593220338983,0.135593220338983,0.11864406779661,0.11864406779661,0.11864406779661,0.135593220338983,0.101694915254237,17.042,0,1,0,1,"3",9,0.135593220338983,8,0.11864406779661
"92",28,23,"ct","chinese",3,4,"Male","RV23",8.291133333,32.757,1,9,1,8,1,1,1,1,0,0.533333333333333,0,0.466666666666667,0,0,0,0,9.682,1,1,0,1,"R",3.66666666666667,0.177777777777778,3.33333333333333,0.155555555555556
"93",29,22,"pr","chinese",3,3,"Female","V3R2",17.15495,68.487,1,8,1,7,7,2,1,2,0,0.333333333333333,0,0.285714285714286,0.285714285714286,0.0476190476190476,0,0.0476190476190476,18.252,1,1,1,1,"V",3.33333333333333,0.111111111111111,5.33333333333333,0.206349206349206
"94",30,24,"ct","chinese",4,4,"Female","RV23",8.467,41.9,2,9,1,9,1,1,1,2,0.0555555555555556,0.444444444444444,0,0.444444444444444,0,0,0,0.0555555555555556,10.743,1,1,0,1,"R",4,0.166666666666667,3.66666666666667,0.148148148148148
"95",31,20,"ct","chinese",1,3,"Female","3RV2",10.96646667,39.021,1,8,1,4,2,1,6,1,0,0.4375,0,0.1875,0.0625,0,0.3125,0,13.714,1,1,1,1,"3",3.33333333333333,0.145833333333333,2.33333333333333,0.0833333333333333
"96",32,22,"ct","chinese",3,3,"Female","RV23",9.695683333,47.38,2,6,2,7,3,3,3,3,0.0476190476190476,0.238095238095238,0.0476190476190476,0.285714285714286,0.0952380952380952,0.0952380952380952,0.0952380952380952,0.0952380952380952,10.213,0,1,0,1,"R",3.33333333333333,0.111111111111111,4.33333333333333,0.158730158730159
"97",33,23,"pr","chinese",3,4,"Female","2V3R",12.31363333,49.089,6,6,1,9,4,4,3,6,0.161290322580645,0.161290322580645,0,0.258064516129032,0.0967741935483871,0.0967741935483871,0.0645161290322581,0.161290322580645,30.425,1,1,0,1,"2",4.33333333333333,0.10752688172043,5.66666666666667,0.150537634408602
"98",34,22,"ct","chinese",1,3,"Male","3R2V",8.860066667,36.615,4,7,4,7,7,6,6,8,0.04,0.16,0.04,0.16,0.16,0.12,0.12,0.2,14.261,1,1,1,1,"3",5,0.08,6.66666666666667,0.146666666666667
"99",35,24,"ct","chinese",4,3,"Male","V3R2",10.16185,32.472,1,9,1,9,9,1,1,1,0,0.333333333333333,0,0.333333333333333,0.333333333333333,0,0,0,23.427,1,0,0,1,"V",3.66666666666667,0.111111111111111,6.33333333333333,0.222222222222222
"100",36,NA,"-1","-1",-1,-1,"Male","3R2V",12.77731667,94.545,1,5,1,5,1,1,5,5,0,0.25,0,0.25,0,0,0.25,0.25,23.274,1,1,1,1,"3",2.33333333333333,0.0833333333333333,2.33333333333333,0.0833333333333333
"101",37,20,"ct","chinese",1,6,"Female","23RV",130.1343833,46.671,2,9,2,7,7,2,2,5,0.0357142857142857,0.285714285714286,0.0357142857142857,0.214285714285714,0.214285714285714,0.0357142857142857,0.0357142857142857,0.142857142857143,11.328,0,1,0,1,"2",4.33333333333333,0.119047619047619,5.33333333333333,0.154761904761905
"102",38,21,"ct","chinese",3,3,"Female","R2V3",13.1494,65.668,1,1,1,9,7,7,7,7,0,0,0,0.25,0.1875,0.1875,0.1875,0.1875,24.622,1,1,0,1,"R",1,0,7.66666666666667,0.208333333333333
"103",39,21,"ct","chinese",3,3,"Female","3RV2",7.469633333,35.24,1,8,1,8,1,1,8,6,0,0.269230769230769,0,0.269230769230769,0,0,0.269230769230769,0.192307692307692,15.931,1,1,1,1,"3",3.33333333333333,0.0897435897435897,3.33333333333333,0.0897435897435897
"104",40,21,"ct","chinese",3,3,"Female","3RV2",7.746933333,16.522,1,1,1,1,1,1,7,5,0,0,0,0,0,0,0.6,0.4,11.046,1,1,1,1,"3",1,0,1,0
"105",41,21,"ct","chinese",3,3,"Hide","3R2V",11.37931667,26.281,1,9,1,1,7,1,9,1,0,0.363636363636364,0,0,0.272727272727273,0,0.363636363636364,0,7.778,1,1,1,1,"3",3.66666666666667,0.121212121212121,3,0.0909090909090909
"106",42,22,"ct","chinese",3,3,"Female","V3R2",11.45718333,32.332,6,8,6,9,9,3,9,6,0.104166666666667,0.145833333333333,0.104166666666667,0.166666666666667,0.166666666666667,0.0416666666666667,0.166666666666667,0.104166666666667,15.516,1,1,0,1,"V",6.66666666666667,0.118055555555556,7,0.125
"107",43,23,"ct","chinese",3,3,"Male","2V3R",9.098166667,29.893,9,1,1,9,1,7,9,3,0.25,0,0,0.25,0,0.1875,0.25,0.0625,16.778,1,0,0,1,"2",3.66666666666667,0.0833333333333333,5.66666666666667,0.145833333333333
"108",44,21,"ct","chinese",2,-1,"Female","R2V3",14.54021667,73.408,4,4,3,9,4,4,4,5,0.0769230769230769,0.0769230769230769,0,0.461538461538462,0.0769230769230769,0.0769230769230769,0.0769230769230769,0.153846153846154,14.364,1,1,0,1,"R",3.66666666666667,0.0512820512820513,5.66666666666667,0.205128205128205
"109",45,24,"ct","chinese",3,4,"Male","3R2V",8.287983333,31.893,2,6,2,4,4,2,6,1,0.0526315789473684,0.263157894736842,0.0526315789473684,0.157894736842105,0.157894736842105,0.0526315789473684,0.263157894736842,0,15.985,1,1,1,1,"3",3.33333333333333,0.12280701754386,3.33333333333333,0.12280701754386
"110",46,23,"-1","-1",-1,6,"Female","V23R",10.60193333,52.411,1,5,1,9,9,5,9,7,0,0.105263157894737,0,0.210526315789474,0.210526315789474,0.105263157894737,0.210526315789474,0.157894736842105,23.15,1,0,1,1,"V",2.33333333333333,0.0350877192982456,7.66666666666667,0.175438596491228
"111",47,24,"ct","chinese",4,4,"Female","V3R2",11.27976667,33.345,1,8,1,6,6,1,1,1,0,0.411764705882353,0,0.294117647058824,0.294117647058824,0,0,0,16.118,1,1,0,1,"V",3.33333333333333,0.137254901960784,4.33333333333333,0.196078431372549
"112",48,33,"ct","chinese",6,6,"Male","R2V3",14.4798,27.944,3,6,3,8,5,5,4,3,0.0476190476190476,0.19047619047619,0.0476190476190476,0.285714285714286,0.142857142857143,0.142857142857143,0.0952380952380952,0.0476190476190476,28.451,1,1,0,1,"R",4,0.0952380952380952,6,0.19047619047619
"113",49,22,"nc","chinese",6,6,"Male","RV23",8.775083333,17.221,5,7,1,7,1,1,1,6,0.19047619047619,0.285714285714286,0,0.285714285714286,0,0,0,0.238095238095238,12.867,1,1,0,1,"R",4.33333333333333,0.158730158730159,3,0.0952380952380952
"114",50,22,"ct","chinese",2,3,"Male","R2V3",8.2092,20.85,5,7,1,8,1,1,1,1,0.235294117647059,0.352941176470588,0,0.411764705882353,0,0,0,0,7.758,1,1,0,1,"R",4.33333333333333,0.196078431372549,3.33333333333333,0.137254901960784
"115",51,25,"ct","chinese",3,3,"Male","2V3R",11.63346667,61.948,1,9,1,9,2,8,1,1,0,0.333333333333333,0,0.333333333333333,0.0416666666666667,0.291666666666667,0,0,15.052,1,1,0,1,"2",3.66666666666667,0.111111111111111,6.33333333333333,0.222222222222222
"116",52,21,"ct","chinese",3,3,"Female","23RV",12.80496667,25.377,1,7,5,9,6,5,9,5,0,0.153846153846154,0.102564102564103,0.205128205128205,0.128205128205128,0.102564102564103,0.205128205128205,0.102564102564103,18.06,0,1,0,1,"2",4.33333333333333,0.0854700854700855,6.66666666666667,0.145299145299145
"117",53,23,"ct","chinese",4,6,"Female","23RV",18.60568333,102.026,1,1,5,9,5,5,1,1,0,0,0.2,0.4,0.2,0.2,0,0,13.173,1,1,0,1,"2",2.33333333333333,0.0666666666666667,6.33333333333333,0.266666666666667
"118",54,28,"ct","chinese",2,4,"Female","23RV",8.231733333,28.313,5,9,1,9,1,1,1,9,0.142857142857143,0.285714285714286,0,0.285714285714286,0,0,0,0.285714285714286,14.356,0,1,0,1,"2",5,0.142857142857143,3.66666666666667,0.0952380952380952
"119",55,24,"ct","chinese",3,4,"Female","23RV",8.871633333,20.872,5,5,1,9,1,1,1,1,0.25,0.25,0,0.5,0,0,0,0,8.446,1,1,0,1,"2",3.66666666666667,0.166666666666667,3.66666666666667,0.166666666666667
"120",56,23,"ct","chinese",3,3,"Male","3R2V",139.1955,16.652,1,1,1,1,1,1,9,5,0,0,0,0,0,0,0.666666666666667,0.333333333333333,10.111,1,1,1,1,"3",1,0,1,0
"121",57,21,"ct","chinese",2,3,"Female","2V3R",18.0682,20.008,2,9,5,9,5,5,5,5,0.027027027027027,0.216216216216216,0.108108108108108,0.216216216216216,0.108108108108108,0.108108108108108,0.108108108108108,0.108108108108108,8.216,1,1,0,1,"2",5.33333333333333,0.117117117117117,6.33333333333333,0.144144144144144
"122",58,22,"ct","chinese",2,6,"Female","3R2V",6.782983333,15.207,5,9,5,6,6,5,5,5,0.105263157894737,0.210526315789474,0.105263157894737,0.131578947368421,0.131578947368421,0.105263157894737,0.105263157894737,0.105263157894737,7.48,0,1,0,1,"3",6.33333333333333,0.140350877192982,5.66666666666667,0.12280701754386
"123",59,19,"nc","other",1,3,"Female","R2V3",9.871433333,45.615,2,7,2,7,1,1,1,5,0.0555555555555556,0.333333333333333,0.0555555555555556,0.333333333333333,0,0,0,0.222222222222222,25.774,1,1,0,1,"R",3.66666666666667,0.148148148148148,3,0.111111111111111
"124",60,24,"ct","chinese",4,6,"Male","3R2V",10.08853333,42.241,1,1,5,6,6,3,7,3,0,0,0.166666666666667,0.208333333333333,0.208333333333333,0.0833333333333333,0.25,0.0833333333333333,17.291,0,1,0,1,"3",2.33333333333333,0.0555555555555556,5,0.166666666666667
"125",61,NA,"nc","chinese",4,6,"Male","V23R",23.57891667,33.881,4,8,4,9,9,3,8,6,0.0697674418604651,0.162790697674419,0.0697674418604651,0.186046511627907,0.186046511627907,0.0465116279069767,0.162790697674419,0.116279069767442,16.952,1,1,1,1,"V",5.33333333333333,0.10077519379845,7,0.13953488372093
"126",62,21,"ct","chinese",1,3,"Male","23RV",40.9505,41.807,3,9,1,9,1,1,1,1,0.111111111111111,0.444444444444444,0,0.444444444444444,0,0,0,0,15.913,1,1,0,1,"2",4.33333333333333,0.185185185185185,3.66666666666667,0.148148148148148
"127",63,21,"ct","chinese",3,3,"Female","V3R2",9.21565,41.351,5,5,5,8,8,5,7,5,0,0,0,0.375,0.375,0,0.25,0,23.703,1,1,1,1,"V",5,0,7,0.25
"128",64,23,"ct","chinese",3,3,"Male","23RV",8.565616667,33.287,7,7,1,9,1,1,1,3,0.272727272727273,0.272727272727273,0,0.363636363636364,0,0,0,0.0909090909090909,17.39,1,1,0,1,"2",5,0.181818181818182,3.66666666666667,0.121212121212121
"129",1,22,"ct","chinese",2,5,"Female","R2V3",6.322583333,7.316,9,8,9,8,9,8,9,8,0.25,0,0.25,0,0.25,0,0.25,0,3.366,1,1,1,2,"2",8.66666666666667,0.166666666666667,8.33333333333333,0.0833333333333333
"130",2,23,"ct","chinese",4,4,"Female","RV23",7.933683333,25.8,1,8,1,4,4,1,1,2,0,0.5,0,0.214285714285714,0.214285714285714,0,0,0.0714285714285714,8.257,0,1,0,2,"V",3.33333333333333,0.166666666666667,3,0.142857142857143
"131",3,NA,"ct","chinese",3,6,"Female","V23R",21.7108,18.411,1,9,1,9,1,1,1,2,0,0.470588235294118,0,0.470588235294118,0,0,0,0.0588235294117647,5.379,1,1,0,2,"2",3.66666666666667,0.156862745098039,3.66666666666667,0.156862745098039
"132",4,20,"ct","chinese",2,3,"Female","3R2V",7.259166667,14.563,1,1,1,9,1,1,1,2,0,0,0,0.888888888888889,0,0,0,0.111111111111111,6.008,1,1,0,2,"R",1,0,3.66666666666667,0.296296296296296
"133",5,22,"ct","chinese",3,3,"Female","R2V3",8.043233333,20.459,1,9,1,9,1,1,1,7,0,0.363636363636364,0,0.363636363636364,0,0,0,0.272727272727273,5.189,1,1,0,2,"2",3.66666666666667,0.121212121212121,3.66666666666667,0.121212121212121
"134",6,24,"ct","chinese",4,6,"Male","3R2V",7.813433333,17.615,1,1,1,9,1,1,5,7,0,0,0,0.444444444444444,0,0,0.222222222222222,0.333333333333333,6.898,1,1,0,2,"R",1,0,3.66666666666667,0.148148148148148
"135",7,22,"ct","chinese",1,3,"Male","3R2V",8.8744,27.532,4,7,1,8,1,1,1,2,0.176470588235294,0.352941176470588,0,0.411764705882353,0,0,0,0.0588235294117647,8.215,1,1,0,2,"R",4,0.176470588235294,3.33333333333333,0.137254901960784
"136",8,21,"ct","chinese",1,3,"Female","RV23",9.703733333,32.142,2,6,2,5,5,2,2,5,0.0476190476190476,0.238095238095238,0.0476190476190476,0.19047619047619,0.19047619047619,0.0476190476190476,0.0476190476190476,0.19047619047619,6.111,1,1,1,2,"V",3.33333333333333,0.111111111111111,4,0.142857142857143
"137",9,24,"ct","chinese",4,6,"Male","3R2V",11.59553333,26.98,1,7,1,7,1,1,1,5,0,0.375,0,0.375,0,0,0,0.25,6.869,1,1,0,2,"R",3,0.125,3,0.125
"138",10,19,"ct","chinese",1,3,"Female","3RV2",34.83503333,23.705,1,1,1,9,1,1,1,1,0,0,0,1,0,0,0,0,6.132,1,1,0,2,"R",1,0,3.66666666666667,0.333333333333333
"139",11,20,"ct","chinese",2,3,"Female","23RV",10.15468333,48.829,1,9,1,8,8,1,9,3,0,0.25,0,0.21875,0.21875,0,0.25,0.0625,6.456,1,1,1,2,"3",3.66666666666667,0.0833333333333333,5.66666666666667,0.145833333333333
"140",12,25,"ct","chinese",4,3,"Male","2V3R",8.49305,33.35,1,9,1,9,9,2,9,5,0,0.216216216216216,0,0.216216216216216,0.216216216216216,0.027027027027027,0.216216216216216,0.108108108108108,4.909,1,1,1,2,"V",3.66666666666667,0.0720720720720721,6.66666666666667,0.153153153153153
"141",13,24,"ct","chinese",5,6,"Female","23RV",13.88263333,35.335,1,7,1,5,5,5,9,1,0,0.230769230769231,0,0.153846153846154,0.153846153846154,0.153846153846154,0.307692307692308,0,12.774,1,1,1,2,"3",3,0.0769230769230769,5,0.153846153846154
"142",14,22,"ct","chinese",2,3,"Male","2V3R",9.295016667,13.741,9,9,9,9,9,9,5,1,0.153846153846154,0.153846153846154,0.153846153846154,0.153846153846154,0.153846153846154,0.153846153846154,0.0769230769230769,0,4.603,1,1,1,2,"V",9,0.153846153846154,9,0.153846153846154
"143",15,25,"ct","chinese",3,4,"Male","RV23",9.30505,24.46,3,6,3,8,3,3,5,1,0.0833333333333333,0.208333333333333,0.0833333333333333,0.291666666666667,0.0833333333333333,0.0833333333333333,0.166666666666667,0,9.719,1,1,0,2,"V",4,0.125,4.66666666666667,0.152777777777778
"144",16,20,"ct","chinese",1,3,"Female","RV23",7.5313,21.967,3,7,5,4,9,6,9,4,0.0512820512820513,0.153846153846154,0.102564102564103,0.0769230769230769,0.205128205128205,0.128205128205128,0.205128205128205,0.0769230769230769,5.612,0,1,1,2,"V",5,0.102564102564103,6.33333333333333,0.136752136752137
"145",17,21,"ct","chinese",3,3,"Female","RV23",9.482633333,37.334,5,7,5,9,9,5,9,6,0.0851063829787234,0.127659574468085,0.0851063829787234,0.170212765957447,0.170212765957447,0.0851063829787234,0.170212765957447,0.106382978723404,8.365,1,1,1,2,"V",5.66666666666667,0.099290780141844,7.66666666666667,0.141843971631206
"146",18,20,"ct","chinese",2,3,"Female","R2V3",12.80763333,31.664,9,3,9,6,3,9,3,1,0.228571428571429,0.0571428571428571,0.228571428571429,0.142857142857143,0.0571428571428571,0.228571428571429,0.0571428571428571,0,11.33,1,1,0,2,"2",7,0.171428571428571,6,0.142857142857143
"147",19,22,"ct","chinese",1,3,"Male","2V3R",10.45451667,40.418,1,9,1,1,1,1,1,1,0,1,0,0,0,0,0,0,7.709,1,1,1,2,"V",3.66666666666667,0.333333333333333,1,0
"148",20,21,"ct","chinese",1,3,"Male","23RV",61.74101667,17.938,2,8,2,3,6,6,7,5,0.032258064516129,0.225806451612903,0.032258064516129,0.0645161290322581,0.161290322580645,0.161290322580645,0.193548387096774,0.129032258064516,4.111,1,1,1,2,"3",4,0.0967741935483871,5,0.129032258064516
"149",21,32,"ct","chinese",6,6,"Male","V3R2",9.870183333,42.6,1,8,1,1,7,1,7,1,0,0.368421052631579,0,0,0.315789473684211,0,0.315789473684211,0,12.269,1,1,1,2,"3",3.33333333333333,0.12280701754386,3,0.105263157894737
"150",22,20,"ct","chinese",2,3,"Female","RV23",10.512,34.418,1,8,1,9,9,2,9,2,0,0.212121212121212,0,0.242424242424242,0.242424242424242,0.0303030303030303,0.242424242424242,0.0303030303030303,7.119,1,1,1,2,"V",3.33333333333333,0.0707070707070707,6.66666666666667,0.171717171717172
"151",23,22,"ct","chinese",3,3,"Female","V3R2",12.13841667,63.233,1,5,1,5,2,2,9,1,0,0.222222222222222,0,0.222222222222222,0.0555555555555556,0.0555555555555556,0.444444444444444,0,7.18,1,1,1,2,"3",2.33333333333333,0.0740740740740741,3,0.111111111111111
"152",24,23,"ct","chinese",2,4,"Female","R2V3",8.303166667,24.358,1,1,2,9,2,2,2,2,0,0,0.0769230769230769,0.615384615384615,0.0769230769230769,0.0769230769230769,0.0769230769230769,0.0769230769230769,7.478,1,1,0,2,"2",1.33333333333333,0.0256410256410256,4.33333333333333,0.256410256410256
"153",25,21,"ct","chinese",2,3,"Female","R2V3",8.4293,28.348,4,7,2,7,2,2,7,5,0.1,0.25,0,0.25,0,0,0.25,0.15,10.046,1,1,0,2,"2",4.33333333333333,0.116666666666667,3.66666666666667,0.0833333333333333
"154",26,21,"ct","chinese",3,6,"Female","R2V3",10.90145,26.01,2,2,5,9,2,2,7,1,0.0454545454545455,0.0454545454545455,0.181818181818182,0.363636363636364,0.0454545454545455,0.0454545454545455,0.272727272727273,0,10.626,1,1,0,2,"2",3,0.0909090909090909,4.33333333333333,0.151515151515152
"155",27,37,"nc","indian",6,6,"Male","3R2V",9.993816667,23.895,9,9,1,9,1,1,1,6,0.275862068965517,0.275862068965517,0,0.275862068965517,0,0,0,0.172413793103448,10.467,1,1,0,2,"R",6.33333333333333,0.183908045977011,3.66666666666667,0.0919540229885057
"156",28,23,"ct","chinese",3,4,"Male","RV23",8.291133333,33.119,1,9,1,1,1,1,1,1,0,1,0,0,0,0,0,0,6.977,1,1,1,2,"V",3.66666666666667,0.333333333333333,1,0
"157",29,22,"pr","chinese",3,3,"Female","V3R2",17.15495,47.815,1,8,1,8,8,1,8,1,0,0.25,0,0.25,0.25,0,0.25,0,4.925,1,1,1,2,"3",3.33333333333333,0.0833333333333333,5.66666666666667,0.166666666666667
"158",30,24,"ct","chinese",4,4,"Female","RV23",8.467,32.138,1,9,1,1,7,1,1,2,0,0.533333333333333,0,0,0.4,0,0,0.0666666666666667,5.839,0,1,1,2,"V",3.66666666666667,0.177777777777778,3,0.133333333333333
"159",31,20,"ct","chinese",1,3,"Female","3RV2",10.96646667,20.587,5,6,1,9,1,1,1,1,0.235294117647059,0.294117647058824,0,0.470588235294118,0,0,0,0,4.868,1,1,0,2,"R",4,0.176470588235294,3.66666666666667,0.156862745098039
"160",32,22,"ct","chinese",3,3,"Female","RV23",9.695683333,27.524,2,5,2,7,7,2,2,2,0.0476190476190476,0.19047619047619,0.0476190476190476,0.285714285714286,0.285714285714286,0.0476190476190476,0.0476190476190476,0.0476190476190476,8.321,1,1,1,2,"V",3,0.0952380952380952,5.33333333333333,0.206349206349206
"161",33,23,"pr","chinese",3,4,"Female","2V3R",12.31363333,41.653,7,9,7,9,9,4,3,8,0.125,0.166666666666667,0.125,0.166666666666667,0.166666666666667,0.0625,0.0416666666666667,0.145833333333333,6.343,1,1,1,2,"V",7.66666666666667,0.138888888888889,7.33333333333333,0.131944444444444
"162",34,22,"ct","chinese",1,3,"Male","3R2V",8.860066667,33.622,5,5,3,9,4,4,7,4,0.117647058823529,0.117647058823529,0,0.352941176470588,0.0588235294117647,0.0588235294117647,0.235294117647059,0.0588235294117647,5.174,1,1,0,2,"R",4.33333333333333,0.0784313725490196,5.66666666666667,0.156862745098039
"163",35,24,"ct","chinese",4,3,"Male","V3R2",10.16185,46.993,1,8,1,8,1,1,9,5,0,0.269230769230769,0,0.269230769230769,0,0,0.307692307692308,0.153846153846154,4.822,1,1,1,2,"3",3.33333333333333,0.0897435897435897,3.33333333333333,0.0897435897435897
"164",36,NA,"-1","-1",-1,-1,"Male","3R2V",12.77731667,48.985,1,5,1,5,1,1,1,5,0,0.333333333333333,0,0.333333333333333,0,0,0,0.333333333333333,7.584,1,1,0,2,"R",2.33333333333333,0.111111111111111,2.33333333333333,0.111111111111111
"165",37,20,"ct","chinese",1,6,"Female","23RV",130.1343833,17.534,1,9,1,1,1,1,1,1,0,1,0,0,0,0,0,0,14.03,0,1,0,2,"3",3.66666666666667,0.333333333333333,1,0
"166",38,21,"ct","chinese",3,3,"Female","R2V3",13.1494,41.902,1,1,1,9,5,5,5,3,0,0,0,0.363636363636364,0.181818181818182,0.181818181818182,0.181818181818182,0.0909090909090909,11.417,1,1,0,2,"2",1,0,6.33333333333333,0.242424242424242
"167",39,21,"ct","chinese",3,3,"Female","3RV2",7.469633333,16.303,7,8,1,8,1,1,1,6,0.24,0.28,0,0.28,0,0,0,0.2,5.12,1,1,0,2,"R",5.33333333333333,0.173333333333333,3.33333333333333,0.0933333333333333
"168",40,21,"ct","chinese",3,3,"Female","3RV2",7.746933333,13.398,1,1,1,9,1,1,8,7,0,0,0,0.380952380952381,0,0,0.333333333333333,0.285714285714286,6.729,1,1,0,2,"R",1,0,3.66666666666667,0.126984126984127
"169",41,21,"ct","chinese",3,3,"Hide","3R2V",11.37931667,24.099,2,9,1,8,1,1,1,1,0.0625,0.5,0,0.4375,0,0,0,0,8.095,1,1,0,2,"R",4,0.1875,3.33333333333333,0.145833333333333
"170",42,22,"ct","chinese",3,3,"Female","V3R2",11.45718333,30.495,2,9,2,7,1,1,9,6,0.0344827586206897,0.275862068965517,0.0344827586206897,0.206896551724138,0,0,0.275862068965517,0.172413793103448,14.736,1,1,1,2,"3",4.33333333333333,0.114942528735632,3,0.0689655172413793
"171",43,23,"ct","chinese",3,3,"Male","2V3R",9.098166667,87.848,1,6,1,9,9,1,9,4,0,0.15625,0,0.25,0.25,0,0.25,0.09375,9.674,0,1,1,2,"V",2.66666666666667,0.0520833333333333,6.33333333333333,0.166666666666667
"172",44,21,"ct","chinese",2,-1,"Female","R2V3",14.54021667,33.299,4,4,4,9,4,4,4,5,0.0714285714285714,0.0714285714285714,0.0714285714285714,0.428571428571429,0.0714285714285714,0.0714285714285714,0.0714285714285714,0.142857142857143,6.236,1,1,0,2,"2",4,0.0714285714285714,5.66666666666667,0.19047619047619
"173",45,24,"ct","chinese",3,4,"Male","3R2V",8.287983333,19.832,4,4,1,8,1,1,1,1,0.230769230769231,0.230769230769231,0,0.538461538461538,0,0,0,0,4.517,1,1,0,2,"R",3,0.153846153846154,3.33333333333333,0.179487179487179
"174",46,23,"-1","-1",-1,6,"Female","V23R",10.60193333,30.561,1,3,5,9,5,5,9,5,0,0.0588235294117647,0.117647058823529,0.235294117647059,0.117647058823529,0.117647058823529,0.235294117647059,0.117647058823529,5.943,1,1,0,2,"2",3,0.0588235294117647,6.33333333333333,0.156862745098039
"175",47,24,"ct","chinese",4,4,"Female","V3R2",11.27976667,20.369,5,5,5,5,5,5,3,1,0.153846153846154,0.153846153846154,0.153846153846154,0.153846153846154,0.153846153846154,0.153846153846154,0.0769230769230769,0,3.998,1,1,1,2,"3",5,0.153846153846154,5,0.153846153846154
"176",48,33,"ct","chinese",6,6,"Male","R2V3",14.4798,24.764,4,6,4,7,4,4,3,3,0.105263157894737,0.210526315789474,0.105263157894737,0.263157894736842,0.105263157894737,0.105263157894737,0.0526315789473684,0.0526315789473684,7.116,1,1,0,2,"2",4.66666666666667,0.140350877192982,5,0.157894736842105
"177",49,22,"nc","chinese",6,6,"Male","RV23",8.775083333,69.239,1,7,1,1,1,1,1,7,0,0.5,0,0,0,0,0,0.5,10.37,1,1,1,2,"V",3,0.166666666666667,1,0
"178",50,22,"ct","chinese",2,3,"Male","R2V3",8.2092,22.426,4,6,1,7,1,1,1,1,0.214285714285714,0.357142857142857,0,0.428571428571429,0,0,0,0,5.7,1,1,0,2,"2",3.66666666666667,0.19047619047619,3,0.142857142857143
"179",51,25,"ct","chinese",3,3,"Male","2V3R",11.63346667,38.835,1,8,1,9,9,8,1,1,0,0.233333333333333,0,0.266666666666667,0.266666666666667,0.233333333333333,0,0,6.363,1,1,1,2,"V",3.33333333333333,0.0777777777777778,8.66666666666667,0.255555555555556
"180",52,21,"ct","chinese",3,3,"Female","23RV",12.80496667,24.546,6,5,5,7,7,7,9,5,0.116279069767442,0.0930232558139535,0.0930232558139535,0.13953488372093,0.13953488372093,0.13953488372093,0.186046511627907,0.0930232558139535,3.535,1,1,1,2,"3",5.33333333333333,0.10077519379845,7,0.13953488372093
"181",53,23,"ct","chinese",4,6,"Female","23RV",18.60568333,166.801,1,7,1,5,5,1,4,1,0,0.352941176470588,0,0.235294117647059,0.235294117647059,0,0.176470588235294,0,5.004,1,1,1,2,"3",3,0.117647058823529,3.66666666666667,0.156862745098039
"182",54,28,"ct","chinese",2,4,"Female","23RV",8.231733333,35.521,5,9,4,9,1,5,9,9,0.0930232558139535,0.186046511627907,0.0697674418604651,0.186046511627907,0,0.0930232558139535,0.186046511627907,0.186046511627907,4.848,1,1,1,2,"3",6,0.116279069767442,5,0.0930232558139535
"183",55,24,"ct","chinese",3,4,"Female","23RV",8.871633333,25.455,5,5,5,6,6,6,9,1,0.114285714285714,0.114285714285714,0.114285714285714,0.142857142857143,0.142857142857143,0.142857142857143,0.228571428571429,0,5.779,1,1,1,2,"3",5,0.114285714285714,6,0.142857142857143
"184",56,23,"ct","chinese",3,3,"Male","3R2V",139.1955,24.347,5,5,1,9,1,1,1,5,0.2,0.2,0,0.4,0,0,0,0.2,8.855,1,1,0,2,"R",3.66666666666667,0.133333333333333,3.66666666666667,0.133333333333333
"185",57,21,"ct","chinese",2,3,"Female","2V3R",18.0682,21.238,3,3,3,7,2,7,2,8,0.0740740740740741,0.0740740740740741,0.0740740740740741,0.222222222222222,0.037037037037037,0.222222222222222,0.037037037037037,0.259259259259259,3.994,1,1,1,2,"V",3,0.0740740740740741,5.33333333333333,0.160493827160494
"186",58,22,"ct","chinese",2,6,"Female","3R2V",6.782983333,34.621,3,7,3,3,3,3,3,4,0.0952380952380952,0.285714285714286,0.0952380952380952,0.0952380952380952,0.0952380952380952,0.0952380952380952,0.0952380952380952,0.142857142857143,7.337,0,1,0,2,"R",4.33333333333333,0.158730158730159,3,0.0952380952380952
"187",59,19,"nc","other",1,3,"Female","R2V3",9.871433333,28.823,2,8,2,8,2,2,2,5,0.0434782608695652,0.304347826086957,0.0434782608695652,0.304347826086957,0.0434782608695652,0.0434782608695652,0.0434782608695652,0.173913043478261,7.01,1,1,0,2,"2",4,0.130434782608696,4,0.130434782608696
"188",60,24,"ct","chinese",4,6,"Male","3R2V",10.08853333,33.396,1,7,1,7,1,1,1,5,0,0.375,0,0.375,0,0,0,0.25,19.683,1,1,0,2,"R",3,0.125,3,0.125
"189",61,NA,"nc","chinese",4,6,"Male","V23R",23.57891667,37.02,6,8,3,9,7,2,7,5,0.128205128205128,0.179487179487179,0.0512820512820513,0.205128205128205,0.153846153846154,0.0256410256410256,0.153846153846154,0.102564102564103,7.737,1,1,0,2,"2",5.66666666666667,0.11965811965812,6,0.128205128205128
"190",62,21,"ct","chinese",1,3,"Male","23RV",40.9505,65.003,4,8,3,7,2,2,9,1,0.107142857142857,0.25,0.0714285714285714,0.214285714285714,0.0357142857142857,0.0357142857142857,0.285714285714286,0,4.103,1,1,1,2,"3",5,0.142857142857143,3.66666666666667,0.0952380952380952
"191",63,21,"ct","chinese",3,3,"Female","V3R2",9.21565,22.099,5,5,5,6,6,6,8,5,0,0,0,0.166666666666667,0.166666666666667,0.166666666666667,0.5,0,6.71,1,1,1,2,"3",5,0,6,0.166666666666667
"192",64,23,"ct","chinese",3,3,"Male","23RV",8.565616667,14.375,1,9,1,1,1,1,1,1,0,1,0,0,0,0,0,0,5.957,1,1,1,2,"3",3.66666666666667,0.333333333333333,1,0
"193",1,22,"ct","chinese",2,5,"Female","R2V3",6.322583333,8.552,9,8,9,8,9,8,9,8,0.25,0,0.25,0,0.25,0,0.25,0,2.878,1,1,1,3,"V",8.66666666666667,0.166666666666667,8.33333333333333,0.0833333333333333
"194",2,23,"ct","chinese",4,4,"Female","RV23",7.933683333,20.782,2,5,2,4,4,1,1,2,0.0769230769230769,0.307692307692308,0.0769230769230769,0.230769230769231,0.230769230769231,0,0,0.0769230769230769,4.273,0,1,0,3,"2",3,0.153846153846154,3,0.153846153846154
"195",3,NA,"ct","chinese",3,6,"Female","V23R",21.7108,29.817,1,1,1,8,8,8,9,2,0,0,0,0.233333333333333,0.233333333333333,0.233333333333333,0.266666666666667,0.0333333333333333,6.22,1,1,1,3,"3",1,0,8,0.233333333333333
"196",4,20,"ct","chinese",2,3,"Female","3R2V",7.259166667,23.477,4,4,1,7,1,1,1,1,0.25,0.25,0,0.5,0,0,0,0,4.919,1,1,0,3,"2",3,0.166666666666667,3,0.166666666666667
"197",5,22,"ct","chinese",3,3,"Female","R2V3",8.043233333,14.447,1,9,1,1,1,1,1,4,0,0.727272727272727,0,0,0,0,0,0.272727272727273,4.682,1,1,1,3,"V",3.66666666666667,0.242424242424242,1,0
"198",6,24,"ct","chinese",4,6,"Male","3R2V",7.813433333,21.338,1,1,1,9,2,2,5,4,0,0,0,0.470588235294118,0.0588235294117647,0.0588235294117647,0.235294117647059,0.176470588235294,6.817,1,1,0,3,"2",1,0,4.33333333333333,0.196078431372549
"199",7,22,"ct","chinese",1,3,"Male","3R2V",8.8744,29.325,4,6,1,6,1,1,1,4,0.1875,0.3125,0,0.3125,0,0,0,0.1875,5.358,1,1,0,3,"2",3.66666666666667,0.166666666666667,2.66666666666667,0.104166666666667
"200",8,21,"ct","chinese",1,3,"Female","RV23",9.703733333,23.179,5,5,1,9,1,1,2,5,0.19047619047619,0.19047619047619,0,0.380952380952381,0,0,0.0476190476190476,0.19047619047619,6.283,1,1,0,3,"2",3.66666666666667,0.126984126984127,3.66666666666667,0.126984126984127
"201",9,24,"ct","chinese",4,6,"Male","3R2V",11.59553333,30.685,1,7,1,7,1,1,1,5,0,0.375,0,0.375,0,0,0,0.25,6.153,1,1,0,3,"2",3,0.125,3,0.125
"202",10,19,"ct","chinese",1,3,"Female","3RV2",34.83503333,29.914,1,1,1,9,9,1,1,1,0,0,0,0.5,0.5,0,0,0,7.177,1,1,1,3,"V",1,0,6.33333333333333,0.333333333333333
"203",11,20,"ct","chinese",2,3,"Female","23RV",10.15468333,28.748,1,9,4,9,1,1,1,1,0,0.421052631578947,0.157894736842105,0.421052631578947,0,0,0,0,8.523,1,1,0,3,"R",4.66666666666667,0.192982456140351,3.66666666666667,0.140350877192982
"204",12,25,"ct","chinese",4,3,"Male","2V3R",8.49305,21.091,2,2,2,2,2,2,9,2,0.0666666666666667,0.0666666666666667,0.0666666666666667,0.0666666666666667,0.0666666666666667,0.0666666666666667,0.533333333333333,0.0666666666666667,4.476,1,1,1,3,"3",2,0.0666666666666667,2,0.0666666666666667
"205",13,24,"ct","chinese",5,6,"Female","23RV",13.88263333,28.369,1,7,1,9,1,1,1,1,0,0.428571428571429,0,0.571428571428571,0,0,0,0,13.006,1,1,0,3,"R",3,0.142857142857143,3.66666666666667,0.19047619047619
"206",14,22,"ct","chinese",2,3,"Male","2V3R",9.295016667,15.589,1,1,1,9,9,9,9,1,0,0,0,0.25,0.25,0.25,0.25,0,2.994,1,1,1,3,"3",1,0,9,0.25
"207",15,25,"ct","chinese",3,4,"Male","RV23",9.30505,18.48,1,8,1,9,1,1,1,1,0,0.466666666666667,0,0.533333333333333,0,0,0,0,4.389,1,1,0,3,"2",3.33333333333333,0.155555555555556,3.66666666666667,0.177777777777778
"208",16,20,"ct","chinese",1,3,"Female","RV23",7.5313,17.565,5,4,5,8,6,6,8,4,0.105263157894737,0.0789473684210526,0.105263157894737,0.184210526315789,0.131578947368421,0.131578947368421,0.184210526315789,0.0789473684210526,8.453,1,1,0,3,"2",4.66666666666667,0.0964912280701754,6.66666666666667,0.149122807017544
"209",17,21,"ct","chinese",3,3,"Female","RV23",9.482633333,24.862,7,7,5,9,6,6,9,6,0.127659574468085,0.127659574468085,0.0851063829787234,0.170212765957447,0.106382978723404,0.106382978723404,0.170212765957447,0.106382978723404,8.758,1,1,0,3,"2",6.33333333333333,0.113475177304965,7,0.127659574468085
"210",18,20,"ct","chinese",2,3,"Female","R2V3",12.80763333,20.486,1,9,1,5,5,1,1,1,0,0.5,0,0.25,0.25,0,0,0,8.184,0,1,1,3,"V",3.66666666666667,0.166666666666667,3.66666666666667,0.166666666666667
"211",19,22,"ct","chinese",1,3,"Male","2V3R",10.45451667,23.147,1,6,1,1,1,1,9,1,0,0.384615384615385,0,0,0,0,0.615384615384615,0,4.446,1,1,1,3,"3",2.66666666666667,0.128205128205128,1,0
"212",20,21,"ct","chinese",1,3,"Male","23RV",61.74101667,19.484,2,7,1,7,1,1,1,5,0.0588235294117647,0.352941176470588,0,0.352941176470588,0,0,0,0.235294117647059,5.21,1,1,0,3,"R",3.33333333333333,0.137254901960784,3,0.117647058823529
"213",21,32,"ct","chinese",6,6,"Male","V3R2",9.870183333,20.028,2,8,1,8,1,1,1,1,0.0666666666666667,0.466666666666667,0,0.466666666666667,0,0,0,0,8.772,1,1,0,3,"R",3.66666666666667,0.177777777777778,3.33333333333333,0.155555555555556
"214",22,20,"ct","chinese",2,3,"Female","RV23",10.512,45.857,1,8,5,9,8,5,9,2,0,0.179487179487179,0.102564102564103,0.205128205128205,0.179487179487179,0.102564102564103,0.205128205128205,0.0256410256410256,9.132,1,1,0,3,"2",4.66666666666667,0.094017094017094,7.33333333333333,0.162393162393162
"215",23,22,"ct","chinese",3,3,"Female","V3R2",12.13841667,34.032,1,8,1,9,1,1,1,1,0,0.466666666666667,0,0.533333333333333,0,0,0,0,7.005,1,1,1,3,"R",3.33333333333333,0.155555555555556,3.66666666666667,0.177777777777778
"216",24,23,"ct","chinese",2,4,"Female","R2V3",8.303166667,20.549,1,9,1,4,4,1,1,1,0,0.571428571428571,0,0.214285714285714,0.214285714285714,0,0,0,7.605,1,1,1,3,"V",3.66666666666667,0.19047619047619,3,0.142857142857143
"217",25,21,"ct","chinese",2,3,"Female","R2V3",8.4293,25.591,3,6,3,3,6,6,6,3,0.05,0.2,0.05,0.05,0.2,0.2,0.2,0.05,6.424,1,1,1,3,"V",4,0.1,5,0.15
"218",26,21,"ct","chinese",3,6,"Female","R2V3",10.90145,25.628,1,7,3,9,9,3,9,1,0,0.176470588235294,0.0588235294117647,0.235294117647059,0.235294117647059,0.0588235294117647,0.235294117647059,0,8.188,1,1,1,3,"V",3.66666666666667,0.0784313725490196,7,0.176470588235294
"219",27,37,"nc","indian",6,6,"Male","3R2V",9.993816667,22.913,9,9,1,9,1,1,1,6,0.275862068965517,0.275862068965517,0,0.275862068965517,0,0,0,0.172413793103448,8.436,1,1,0,3,"2",6.33333333333333,0.183908045977011,3.66666666666667,0.0919540229885057
"220",28,23,"ct","chinese",3,4,"Male","RV23",8.291133333,16.142,1,9,1,7,1,1,1,1,0,0.571428571428571,0,0.428571428571429,0,0,0,0,7.335,1,1,0,3,"2",3.66666666666667,0.19047619047619,3,0.142857142857143
"221",29,22,"pr","chinese",3,3,"Female","V3R2",17.15495,67.063,1,8,2,8,2,2,1,2,0,0.388888888888889,0.0555555555555556,0.388888888888889,0.0555555555555556,0.0555555555555556,0,0.0555555555555556,4.783,1,1,0,3,"R",3.66666666666667,0.148148148148148,4,0.166666666666667
"222",30,24,"ct","chinese",4,4,"Female","RV23",8.467,24.248,2,9,1,7,1,1,1,2,0.0625,0.5,0,0.375,0,0,0,0.0625,7.643,1,1,0,3,"2",4,0.1875,3,0.125
"223",31,20,"ct","chinese",1,3,"Female","3RV2",10.96646667,118.777,3,7,3,6,1,6,1,1,0.1,0.3,0.1,0.25,0,0.25,0,0,6.232,1,1,1,3,"V",4.33333333333333,0.166666666666667,4.33333333333333,0.166666666666667
"224",32,22,"ct","chinese",3,3,"Female","RV23",9.695683333,29.623,2,6,5,7,5,5,4,2,0.0357142857142857,0.178571428571429,0.142857142857143,0.214285714285714,0.142857142857143,0.142857142857143,0.107142857142857,0.0357142857142857,7.904,1,1,0,3,"2",4.33333333333333,0.119047619047619,5.66666666666667,0.166666666666667
"225",33,23,"pr","chinese",3,4,"Female","2V3R",12.31363333,41.188,6,9,3,8,5,3,4,7,0.135135135135135,0.216216216216216,0.0540540540540541,0.189189189189189,0.108108108108108,0.0540540540540541,0.0810810810810811,0.162162162162162,8.89,1,1,1,3,"3",6,0.135135135135135,5.33333333333333,0.117117117117117
"226",34,22,"ct","chinese",1,3,"Male","3R2V",8.860066667,24.3,6,6,4,9,5,5,5,5,0.142857142857143,0.142857142857143,0.0476190476190476,0.285714285714286,0.0952380952380952,0.0952380952380952,0.0952380952380952,0.0952380952380952,6.392,1,1,0,3,"2",5.33333333333333,0.111111111111111,6.33333333333333,0.158730158730159
"227",35,24,"ct","chinese",4,3,"Male","V3R2",10.16185,23.56,1,9,1,9,1,1,1,1,0,0.5,0,0.5,0,0,0,0,6.926,1,1,0,3,"R",3.66666666666667,0.166666666666667,3.66666666666667,0.166666666666667
"228",36,NA,"-1","-1",-1,-1,"Male","3R2V",12.77731667,29.969,1,5,1,5,1,1,1,5,0,0.333333333333333,0,0.333333333333333,0,0,0,0.333333333333333,6.577,1,1,0,3,"2",2.33333333333333,0.111111111111111,2.33333333333333,0.111111111111111
"229",37,20,"ct","chinese",1,6,"Female","23RV",130.1343833,14.787,1,9,1,1,1,1,1,2,0,0.888888888888889,0,0,0,0,0,0.111111111111111,6.855,0,1,0,3,"R",3.66666666666667,0.296296296296296,1,0
"230",38,21,"ct","chinese",3,3,"Female","R2V3",13.1494,95.583,1,9,1,6,6,1,1,1,0,0.444444444444444,0,0.277777777777778,0.277777777777778,0,0,0,11.831,1,1,1,3,"V",3.66666666666667,0.148148148148148,4.33333333333333,0.185185185185185
"231",39,21,"ct","chinese",3,3,"Female","3RV2",7.469633333,29.798,1,9,1,9,9,1,9,7,0,0.210526315789474,0,0.210526315789474,0.210526315789474,0,0.210526315789474,0.157894736842105,4.056,1,1,1,3,"V",3.66666666666667,0.0701754385964912,6.33333333333333,0.140350877192982
"232",40,21,"ct","chinese",3,3,"Female","3RV2",7.746933333,21.966,1,1,1,9,3,9,6,5,0,0,0,0.296296296296296,0.0740740740740741,0.296296296296296,0.185185185185185,0.148148148148148,5.293,1,1,1,3,"V",1,0,7,0.222222222222222
"233",41,21,"ct","chinese",3,3,"Hide","3R2V",11.37931667,73.28,3,9,1,8,1,1,1,1,0.117647058823529,0.470588235294118,0,0.411764705882353,0,0,0,0,5.928,1,1,0,3,"2",4.33333333333333,0.196078431372549,3.33333333333333,0.137254901960784
"234",42,22,"ct","chinese",3,3,"Female","V3R2",11.45718333,24.162,1,6,1,9,1,1,9,2,0,0.227272727272727,0,0.363636363636364,0,0,0.363636363636364,0.0454545454545455,6.183,1,1,0,3,"R",2.66666666666667,0.0757575757575758,3.66666666666667,0.121212121212121
"235",43,23,"ct","chinese",3,3,"Male","2V3R",9.098166667,14.968,3,3,3,3,3,3,9,3,0.0909090909090909,0.0909090909090909,0.0909090909090909,0.0909090909090909,0.0909090909090909,0.0909090909090909,0.363636363636364,0.0909090909090909,7.603,1,1,1,3,"3",3,0.0909090909090909,3,0.0909090909090909
"236",44,21,"ct","chinese",2,-1,"Female","R2V3",14.54021667,20.502,4,4,4,9,9,4,4,5,0.0526315789473684,0.0526315789473684,0.0526315789473684,0.315789473684211,0.315789473684211,0.0526315789473684,0.0526315789473684,0.105263157894737,5.852,1,1,1,3,"V",4,0.0526315789473684,7.33333333333333,0.228070175438597
"237",45,24,"ct","chinese",3,4,"Male","3R2V",8.287983333,13.586,3,3,1,7,1,1,1,1,0.2,0.2,0,0.6,0,0,0,0,4.173,1,1,0,3,"2",2.33333333333333,0.133333333333333,3,0.2
"238",46,23,"-1","-1",-1,6,"Female","V23R",10.60193333,31.631,1,1,1,7,7,1,9,6,0,0,0,0.24,0.24,0,0.32,0.2,5.346,1,1,1,3,"3",1,0,5,0.16
"239",47,24,"ct","chinese",4,4,"Female","V3R2",11.27976667,32.398,6,6,1,8,3,3,1,1,0.238095238095238,0.238095238095238,0,0.333333333333333,0.0952380952380952,0.0952380952380952,0,0,4.909,1,1,0,3,"R",4.33333333333333,0.158730158730159,4.66666666666667,0.174603174603175
"240",48,33,"ct","chinese",6,6,"Male","R2V3",14.4798,30.991,5,8,5,7,5,5,5,3,0.111111111111111,0.222222222222222,0.111111111111111,0.185185185185185,0.111111111111111,0.111111111111111,0.111111111111111,0.037037037037037,4.772,1,1,1,3,"V",6,0.148148148148148,5.66666666666667,0.135802469135802
"241",49,22,"nc","chinese",6,6,"Male","RV23",8.775083333,14.439,6,6,1,7,1,1,1,6,0.238095238095238,0.238095238095238,0,0.285714285714286,0,0,0,0.238095238095238,5.112,1,1,0,3,"2",4.33333333333333,0.158730158730159,3,0.0952380952380952
"242",50,22,"ct","chinese",2,3,"Male","R2V3",8.2092,17.079,1,5,4,1,4,1,1,1,0,0.4,0.3,0,0.3,0,0,0,8.29,1,1,1,3,"V",3.33333333333333,0.233333333333333,2,0.1
"243",51,25,"ct","chinese",3,3,"Male","2V3R",11.63346667,49.988,8,8,1,8,8,1,9,1,0.194444444444444,0.194444444444444,0,0.194444444444444,0.194444444444444,0,0.222222222222222,0,13.049,1,1,1,3,"3",5.66666666666667,0.12962962962963,5.66666666666667,0.12962962962963
"244",52,21,"ct","chinese",3,3,"Female","23RV",12.80496667,24.776,3,7,5,9,6,6,9,5,0.0476190476190476,0.142857142857143,0.0952380952380952,0.19047619047619,0.119047619047619,0.119047619047619,0.19047619047619,0.0952380952380952,5.053,1,1,1,3,"R",5,0.0952380952380952,7,0.142857142857143
"245",53,23,"ct","chinese",4,6,"Female","23RV",18.60568333,62.681,1,7,1,6,1,1,1,1,0,0.545454545454545,0,0.454545454545455,0,0,0,0,6.825,1,1,0,3,"R",3,0.181818181818182,2.66666666666667,0.151515151515152
"246",54,28,"ct","chinese",2,4,"Female","23RV",8.231733333,15.387,1,1,1,9,1,1,1,1,0,0,0,1,0,0,0,0,4.272,1,1,0,3,"R",1,0,3.66666666666667,0.333333333333333
"247",55,24,"ct","chinese",3,4,"Female","23RV",8.871633333,20.634,5,5,1,7,1,1,5,1,0.222222222222222,0.222222222222222,0,0.333333333333333,0,0,0.222222222222222,0,4.08,1,1,0,3,"R",3.66666666666667,0.148148148148148,3,0.111111111111111
"248",56,23,"ct","chinese",3,3,"Male","3R2V",139.1955,15.725,1,1,1,9,1,1,9,5,0,0,0,0.4,0,0,0.4,0.2,3.665,1,1,0,3,"2",1,0,3.66666666666667,0.133333333333333
"249",57,21,"ct","chinese",2,3,"Female","2V3R",18.0682,24.78,2,2,2,8,6,1,9,2,0.0416666666666667,0.0416666666666667,0.0416666666666667,0.291666666666667,0.208333333333333,0,0.333333333333333,0.0416666666666667,5.061,1,1,1,3,"3",2,0.0416666666666667,5,0.166666666666667
"250",58,22,"ct","chinese",2,6,"Female","3R2V",6.782983333,15.63,3,7,3,7,3,3,3,3,0.0833333333333333,0.25,0.0833333333333333,0.25,0.0833333333333333,0.0833333333333333,0.0833333333333333,0.0833333333333333,5.867,0,1,0,3,"2",4.33333333333333,0.138888888888889,4.33333333333333,0.138888888888889
"251",59,19,"nc","other",1,3,"Female","R2V3",9.871433333,23.641,1,9,1,3,3,1,1,3,0,0.571428571428571,0,0.142857142857143,0.142857142857143,0,0,0.142857142857143,4.941,1,1,1,3,"V",3.66666666666667,0.19047619047619,2.33333333333333,0.0952380952380952
"252",60,24,"ct","chinese",4,6,"Male","3R2V",10.08853333,35.966,1,7,1,7,1,1,1,5,0,0.375,0,0.375,0,0,0,0.25,13.724,1,1,0,3,"2",3,0.125,3,0.125
"253",61,NA,"nc","chinese",4,6,"Male","V23R",23.57891667,25.632,6,8,6,8,8,6,9,5,0.104166666666667,0.145833333333333,0.104166666666667,0.145833333333333,0.145833333333333,0.104166666666667,0.166666666666667,0.0833333333333333,6.698,1,1,1,3,"3",6.66666666666667,0.118055555555556,7.33333333333333,0.131944444444444
"254",62,21,"ct","chinese",1,3,"Male","23RV",40.9505,22.258,3,3,1,9,1,1,1,1,0.166666666666667,0.166666666666667,0,0.666666666666667,0,0,0,0,4.963,1,1,0,3,"R",2.33333333333333,0.111111111111111,3.66666666666667,0.222222222222222
"255",63,21,"ct","chinese",3,3,"Female","V3R2",9.21565,13.938,5,5,5,8,5,5,5,5,0,0,0,1,0,0,0,0,6.692,1,1,0,3,"R",5,0,6,0.333333333333333
"256",64,23,"ct","chinese",3,3,"Male","23RV",8.565616667,11.796,1,9,1,1,1,1,1,1,0,1,0,0,0,0,0,0,8.555,1,1,0,3,"R",3.66666666666667,0.333333333333333,1,0
"257",1,22,"ct","chinese",2,5,"Female","R2V3",6.322583333,7.076,9,8,9,8,9,8,9,8,0.25,0,0.25,0,0.25,0,0.25,0,3.493,1,1,1,4,"3",8.66666666666667,0.166666666666667,8.33333333333333,0.0833333333333333
"258",2,23,"ct","chinese",4,4,"Female","RV23",7.933683333,24.418,2,8,2,3,3,3,5,2,0.05,0.35,0.05,0.1,0.1,0.1,0.2,0.05,11.807,0,1,0,4,"3",4,0.15,3,0.1
"259",3,NA,"ct","chinese",3,6,"Female","V23R",21.7108,14.107,6,8,1,9,1,1,1,1,0.25,0.35,0,0.4,0,0,0,0,3.803,1,1,0,4,"R",5,0.2,3.66666666666667,0.133333333333333
"260",4,20,"ct","chinese",2,3,"Female","3R2V",7.259166667,8.886,1,9,1,1,1,1,1,2,0,0.888888888888889,0,0,0,0,0,0.111111111111111,4.363,1,1,1,4,"V",3.66666666666667,0.296296296296296,1,0
"261",5,22,"ct","chinese",3,3,"Female","R2V3",8.043233333,24.79,1,9,1,9,9,1,9,3,0,0.235294117647059,0,0.235294117647059,0.235294117647059,0,0.235294117647059,0.0588235294117647,7.15,1,1,1,4,"3",3.66666666666667,0.0784313725490196,6.33333333333333,0.156862745098039
"262",6,24,"ct","chinese",4,6,"Male","3R2V",7.813433333,20.016,1,6,1,6,6,1,9,5,0,0.185185185185185,0,0.185185185185185,0.185185185185185,0,0.296296296296296,0.148148148148148,11.876,0,1,1,4,"V",2.66666666666667,0.0617283950617284,4.33333333333333,0.123456790123457
"263",7,22,"ct","chinese",1,3,"Male","3R2V",8.8744,12.548,1,9,1,1,1,1,1,3,0,0.8,0,0,0,0,0,0.2,3.117,1,1,1,4,"V",3.66666666666667,0.266666666666667,1,0
"264",8,21,"ct","chinese",1,3,"Female","RV23",9.703733333,20.756,3,3,3,2,2,2,9,5,0.0952380952380952,0.0952380952380952,0.0952380952380952,0.0476190476190476,0.0476190476190476,0.0476190476190476,0.380952380952381,0.19047619047619,5.063,1,1,1,4,"3",3,0.0952380952380952,2,0.0476190476190476
"265",9,24,"ct","chinese",4,6,"Male","3R2V",11.59553333,19.995,1,9,1,7,7,1,1,1,0,0.4,0,0.3,0.3,0,0,0,6.41,1,1,1,4,"V",3.66666666666667,0.133333333333333,5,0.2
"266",10,19,"ct","chinese",1,3,"Female","3RV2",34.83503333,23.47,1,1,1,9,1,1,1,1,0,0,0,1,0,0,0,0,7.559,1,1,0,4,"2",1,0,3.66666666666667,0.333333333333333
"267",11,20,"ct","chinese",2,3,"Female","23RV",10.15468333,14.826,1,9,1,1,1,1,1,1,0,1,0,0,0,0,0,0,7.66,1,1,1,4,"V",3.66666666666667,0.333333333333333,1,0
"268",12,25,"ct","chinese",4,3,"Male","2V3R",8.49305,17.534,5,5,3,9,6,6,5,5,0.111111111111111,0.111111111111111,0.0555555555555556,0.222222222222222,0.138888888888889,0.138888888888889,0.111111111111111,0.111111111111111,5.342,1,1,1,4,"R",4.33333333333333,0.0925925925925926,7,0.166666666666667
"269",13,24,"ct","chinese",5,6,"Female","23RV",13.88263333,18.97,1,9,1,1,1,1,1,1,0,1,0,0,0,0,0,0,8.329,1,1,1,4,"V",3.66666666666667,0.333333333333333,1,0
"270",14,22,"ct","chinese",2,3,"Male","2V3R",9.295016667,14.508,1,1,1,9,9,9,1,1,0,0,0,0.333333333333333,0.333333333333333,0.333333333333333,0,0,4.048,1,1,1,4,"R",1,0,9,0.333333333333333
"271",15,25,"ct","chinese",3,4,"Male","RV23",9.30505,36.519,2,3,2,4,4,5,5,4,0.0476190476190476,0.0952380952380952,0.0476190476190476,0.142857142857143,0.142857142857143,0.19047619047619,0.19047619047619,0.142857142857143,7.085,1,1,0,4,"3",2.33333333333333,0.0634920634920635,4.33333333333333,0.158730158730159
"272",16,20,"ct","chinese",1,3,"Female","RV23",7.5313,16.954,2,2,2,2,2,2,9,2,0.0666666666666667,0.0666666666666667,0.0666666666666667,0.0666666666666667,0.0666666666666667,0.0666666666666667,0.533333333333333,0.0666666666666667,4.685,1,1,1,4,"3",2,0.0666666666666667,2,0.0666666666666667
"273",17,21,"ct","chinese",3,3,"Female","RV23",9.482633333,14.798,6,6,6,7,7,7,9,6,0.108695652173913,0.108695652173913,0.108695652173913,0.130434782608696,0.130434782608696,0.130434782608696,0.173913043478261,0.108695652173913,7.616,1,1,1,4,"3",6,0.108695652173913,7,0.130434782608696
"274",18,20,"ct","chinese",2,3,"Female","R2V3",12.80763333,15.101,1,9,1,5,5,1,5,1,0,0.4,0,0.2,0.2,0,0.2,0,4.017,1,1,1,4,"3",3.66666666666667,0.133333333333333,3.66666666666667,0.133333333333333
"275",19,22,"ct","chinese",1,3,"Male","2V3R",10.45451667,18.242,1,3,1,9,1,1,1,1,0,0.2,0,0.8,0,0,0,0,7.569,1,1,0,4,"R",1.66666666666667,0.0666666666666667,3.66666666666667,0.266666666666667
"276",20,21,"ct","chinese",1,3,"Male","23RV",61.74101667,17.302,1,8,1,6,6,1,1,4,0,0.35,0,0.25,0.25,0,0,0.15,4.912,1,1,1,4,"V",3.33333333333333,0.116666666666667,4.33333333333333,0.166666666666667
"277",21,32,"ct","chinese",6,6,"Male","V3R2",9.870183333,40.479,2,7,5,8,5,5,1,1,0.0384615384615385,0.230769230769231,0.153846153846154,0.269230769230769,0.153846153846154,0.153846153846154,0,0,4.436,1,1,0,4,"2",4.66666666666667,0.141025641025641,6,0.192307692307692
"278",22,20,"ct","chinese",2,3,"Female","RV23",10.512,28.761,1,8,1,8,8,1,9,2,0,0.233333333333333,0,0.233333333333333,0.233333333333333,0,0.266666666666667,0.0333333333333333,6.459,1,1,1,4,"3",3.33333333333333,0.0777777777777778,5.66666666666667,0.155555555555556
"279",23,22,"ct","chinese",3,3,"Female","V3R2",12.13841667,25.553,1,8,1,9,1,2,1,1,0,0.4375,0,0.5,0,0.0625,0,0,17,1,1,0,4,"2",3.33333333333333,0.145833333333333,4,0.1875
"280",24,23,"ct","chinese",2,4,"Female","R2V3",8.303166667,28.721,1,8,1,5,5,1,8,1,0,0.318181818181818,0,0.181818181818182,0.181818181818182,0,0.318181818181818,0,6.062,1,1,1,4,"3",3.33333333333333,0.106060606060606,3.66666666666667,0.121212121212121
"281",25,21,"ct","chinese",2,3,"Female","R2V3",8.4293,17.358,3,3,3,6,6,6,6,3,0.05,0.05,0.05,0.2,0.2,0.2,0.2,0.05,8.073,1,1,1,4,"3",3,0.05,6,0.2
"282",26,21,"ct","chinese",3,6,"Female","R2V3",10.90145,19.177,1,9,1,9,9,1,9,1,0,0.25,0,0.25,0.25,0,0.25,0,7.98,1,1,1,4,"3",3.66666666666667,0.0833333333333333,6.33333333333333,0.166666666666667
"283",27,37,"nc","indian",6,6,"Male","3R2V",9.993816667,29.108,9,9,9,9,9,1,9,6,0.150943396226415,0.150943396226415,0.150943396226415,0.150943396226415,0.150943396226415,0,0.150943396226415,0.0943396226415094,6.396,1,1,1,4,"V",9,0.150943396226415,6.33333333333333,0.10062893081761
"284",28,23,"ct","chinese",3,4,"Male","RV23",8.291133333,16.183,1,9,1,7,1,1,5,1,0,0.444444444444444,0,0.333333333333333,0,0,0.222222222222222,0,4.85,1,1,1,4,"3",3.66666666666667,0.148148148148148,3,0.111111111111111
"285",29,22,"pr","chinese",3,3,"Female","V3R2",17.15495,41.545,1,8,2,8,2,2,2,2,0,0.368421052631579,0.0526315789473684,0.368421052631579,0.0526315789473684,0.0526315789473684,0.0526315789473684,0.0526315789473684,7.301,1,1,0,4,"2",3.66666666666667,0.140350877192982,4,0.157894736842105
"286",30,24,"ct","chinese",4,4,"Female","RV23",8.467,39.062,1,9,1,7,1,2,8,2,0,0.347826086956522,0,0.260869565217391,0,0.0434782608695652,0.304347826086957,0.0434782608695652,5.923,1,1,1,4,"3",3.66666666666667,0.115942028985507,3.33333333333333,0.101449275362319
"287",31,20,"ct","chinese",1,3,"Female","3RV2",10.96646667,37.147,7,7,2,7,2,2,2,2,0.260869565217391,0.260869565217391,0.0434782608695652,0.260869565217391,0.0434782608695652,0.0434782608695652,0.0434782608695652,0.0434782608695652,16.003,1,1,0,4,"2",5.33333333333333,0.188405797101449,3.66666666666667,0.115942028985507
"288",32,22,"ct","chinese",3,3,"Female","RV23",9.695683333,37.346,1,8,1,6,6,2,4,2,0,0.318181818181818,0,0.227272727272727,0.227272727272727,0.0454545454545455,0.136363636363636,0.0454545454545455,6.756,1,1,1,4,"3",3.33333333333333,0.106060606060606,4.66666666666667,0.166666666666667
"289",33,23,"pr","chinese",3,4,"Female","2V3R",12.31363333,20.002,4,9,1,9,1,1,1,1,0.157894736842105,0.421052631578947,0,0.421052631578947,0,0,0,0,6.882,1,1,0,4,"R",4.66666666666667,0.192982456140351,3.66666666666667,0.140350877192982
"290",34,22,"ct","chinese",1,3,"Male","3R2V",8.860066667,27.94,4,5,4,9,9,3,9,7,0.0384615384615385,0.0769230769230769,0.0384615384615385,0.230769230769231,0.230769230769231,0,0.230769230769231,0.153846153846154,5.277,0,1,1,4,"V",4.33333333333333,0.0512820512820513,7,0.153846153846154
"291",35,24,"ct","chinese",4,3,"Male","V3R2",10.16185,17.466,1,9,1,9,1,1,1,1,0,0.5,0,0.5,0,0,0,0,5.021,1,1,0,4,"2",3.66666666666667,0.166666666666667,3.66666666666667,0.166666666666667
"292",36,NA,"-1","-1",-1,-1,"Male","3R2V",12.77731667,25.51,1,5,1,5,5,1,1,5,0,0.25,0,0.25,0.25,0,0,0.25,14.264,1,1,1,4,"V",2.33333333333333,0.0833333333333333,3.66666666666667,0.166666666666667
"293",37,20,"ct","chinese",1,6,"Female","23RV",130.1343833,16.45,1,9,1,1,1,1,1,1,0,1,0,0,0,0,0,0,6.4,0,1,0,4,"V",3.66666666666667,0.333333333333333,1,0
"294",38,21,"ct","chinese",3,3,"Female","R2V3",13.1494,44.735,1,9,1,7,7,1,1,1,0,0.4,0,0.3,0.3,0,0,0,10.927,1,1,1,4,"3",3.66666666666667,0.133333333333333,5,0.2
"295",39,21,"ct","chinese",3,3,"Female","3RV2",7.469633333,25.099,1,7,3,7,3,3,7,6,0,0.206896551724138,0.0689655172413793,0.206896551724138,0.0689655172413793,0.0689655172413793,0.206896551724138,0.172413793103448,4.274,1,1,0,4,"2",3.66666666666667,0.0919540229885057,4.33333333333333,0.114942528735632
"296",40,21,"ct","chinese",3,3,"Female","3RV2",7.746933333,16.181,3,3,1,9,3,3,9,4,0.0740740740740741,0.0740740740740741,0,0.296296296296296,0.0740740740740741,0.0740740740740741,0.296296296296296,0.111111111111111,6.139,1,1,0,4,"2",2.33333333333333,0.0493827160493827,5,0.148148148148148
"297",41,21,"ct","chinese",3,3,"Hide","3R2V",11.37931667,32.291,1,9,1,9,9,1,1,1,0,0.333333333333333,0,0.333333333333333,0.333333333333333,0,0,0,6.923,1,1,1,4,"V",3.66666666666667,0.111111111111111,6.33333333333333,0.222222222222222
"298",42,22,"ct","chinese",3,3,"Female","V3R2",11.45718333,49.088,2,2,8,2,2,8,8,2,0.0384615384615385,0.0384615384615385,0.269230769230769,0.0384615384615385,0.0384615384615385,0.269230769230769,0.269230769230769,0.0384615384615385,8.588,1,0,1,4,"2",4,0.115384615384615,4,0.115384615384615
"299",43,23,"ct","chinese",3,3,"Male","2V3R",9.098166667,19.758,3,3,1,9,3,3,3,3,0.1,0.1,0,0.4,0.1,0.1,0.1,0.1,5.49,1,1,0,4,"R",2.33333333333333,0.0666666666666667,5,0.2
"300",44,21,"ct","chinese",2,-1,"Female","R2V3",14.54021667,14.657,4,4,4,4,4,4,9,5,0.0714285714285714,0.0714285714285714,0.0714285714285714,0.0714285714285714,0.0714285714285714,0.0714285714285714,0.428571428571429,0.142857142857143,3.364,1,1,1,4,"3",4,0.0714285714285714,4,0.0714285714285714
"301",45,24,"ct","chinese",3,4,"Male","3R2V",8.287983333,16.875,1,9,1,6,6,1,1,1,0,0.444444444444444,0,0.277777777777778,0.277777777777778,0,0,0,3.563,1,1,1,4,"V",3.66666666666667,0.148148148148148,4.33333333333333,0.185185185185185
"302",46,23,"-1","-1",-1,6,"Female","V23R",10.60193333,30.017,1,5,1,9,5,5,9,1,0,0.142857142857143,0,0.285714285714286,0.142857142857143,0.142857142857143,0.285714285714286,0,5.307,1,1,0,4,"R",2.33333333333333,0.0476190476190476,6.33333333333333,0.19047619047619
"303",47,24,"ct","chinese",4,4,"Female","V3R2",11.27976667,16.69,5,5,1,6,3,3,1,1,0.235294117647059,0.235294117647059,0,0.294117647058824,0.117647058823529,0.117647058823529,0,0,4.093,1,1,0,4,"2",3.66666666666667,0.156862745098039,4,0.176470588235294
"304",48,33,"ct","chinese",6,6,"Male","R2V3",14.4798,17.109,5,8,5,5,3,3,3,3,0.157894736842105,0.315789473684211,0.157894736842105,0.157894736842105,0.0526315789473684,0.0526315789473684,0.0526315789473684,0.0526315789473684,5.064,1,1,1,4,"3",6,0.210526315789474,3.66666666666667,0.087719298245614
"305",49,22,"nc","chinese",6,6,"Male","RV23",8.775083333,15.63,5,5,5,5,5,5,7,5,0.117647058823529,0.117647058823529,0.117647058823529,0.117647058823529,0.117647058823529,0.117647058823529,0.176470588235294,0.117647058823529,8.834,1,1,1,4,"3",5,0.117647058823529,5,0.117647058823529
"306",50,22,"ct","chinese",2,3,"Male","R2V3",8.2092,12.801,5,4,1,5,1,1,1,1,0.363636363636364,0.272727272727273,0,0.363636363636364,0,0,0,0,4.679,1,1,0,4,"3",3.33333333333333,0.212121212121212,2.33333333333333,0.121212121212121
"307",51,25,"ct","chinese",3,3,"Male","2V3R",11.63346667,21.417,1,8,7,9,1,1,1,1,0,0.333333333333333,0.285714285714286,0.380952380952381,0,0,0,0,14.951,1,1,0,4,"R",5.33333333333333,0.206349206349206,3.66666666666667,0.126984126984127
"308",52,21,"ct","chinese",3,3,"Female","23RV",12.80496667,20.435,2,9,2,8,9,5,9,5,0.024390243902439,0.195121951219512,0.024390243902439,0.170731707317073,0.195121951219512,0.0975609756097561,0.195121951219512,0.0975609756097561,4.9,1,1,1,4,"V",4.33333333333333,0.0813008130081301,7.33333333333333,0.154471544715447
"309",53,23,"ct","chinese",4,6,"Female","23RV",18.60568333,42.296,1,8,1,5,5,1,1,1,0,0.466666666666667,0,0.266666666666667,0.266666666666667,0,0,0,8.015,1,1,1,4,"V",3.33333333333333,0.155555555555556,3.66666666666667,0.177777777777778
"310",54,28,"ct","chinese",2,4,"Female","23RV",8.231733333,23.345,5,9,5,9,9,1,1,1,0.125,0.25,0.125,0.25,0.25,0,0,0,4.569,1,1,1,4,"V",6.33333333333333,0.166666666666667,6.33333333333333,0.166666666666667
"311",55,24,"ct","chinese",3,4,"Female","23RV",8.871633333,48.027,1,9,5,1,1,1,1,1,0,0.666666666666667,0.333333333333333,0,0,0,0,0,10.925,0,1,0,4,"V",5,0.333333333333333,1,0
"312",56,23,"ct","chinese",3,3,"Male","3R2V",139.1955,23.164,8,1,1,9,6,9,1,5,0.21875,0,0,0.25,0.15625,0.25,0,0.125,3.484,1,1,1,4,"V",3.33333333333333,0.0729166666666667,8,0.21875
"313",57,21,"ct","chinese",2,3,"Female","2V3R",18.0682,19.999,2,5,2,9,1,1,1,1,0.0714285714285714,0.285714285714286,0.0714285714285714,0.571428571428571,0,0,0,0,4.19,1,1,0,4,"R",3,0.142857142857143,3.66666666666667,0.19047619047619
"314",58,22,"ct","chinese",2,6,"Female","3R2V",6.782983333,13.619,1,9,1,1,1,1,1,2,0,0.888888888888889,0,0,0,0,0,0.111111111111111,7.376,0,1,0,4,"V",3.66666666666667,0.296296296296296,1,0
"315",59,19,"nc","other",1,3,"Female","R2V3",9.871433333,19.18,1,9,1,6,6,1,8,3,0,0.296296296296296,0,0.185185185185185,0.185185185185185,0,0.259259259259259,0.0740740740740741,4.184,1,1,1,4,"3",3.66666666666667,0.0987654320987654,4.33333333333333,0.123456790123457
"316",60,24,"ct","chinese",4,6,"Male","3R2V",10.08853333,35.83,1,7,1,7,7,1,1,5,0,0.272727272727273,0,0.272727272727273,0.272727272727273,0,0,0.181818181818182,4.564,1,1,1,4,"V",3,0.0909090909090909,5,0.181818181818182
"317",61,NA,"nc","chinese",4,6,"Male","V23R",23.57891667,22.786,6,8,2,9,7,4,7,3,0.131578947368421,0.184210526315789,0.0263157894736842,0.210526315789474,0.157894736842105,0.0789473684210526,0.157894736842105,0.0526315789473684,4.914,1,1,0,4,"R",5.33333333333333,0.114035087719298,6.66666666666667,0.149122807017544
"318",62,21,"ct","chinese",1,3,"Male","23RV",40.9505,26.891,2,9,2,7,7,1,1,1,0.0454545454545455,0.363636363636364,0.0454545454545455,0.272727272727273,0.272727272727273,0,0,0,4.27,1,1,1,4,"V",4.33333333333333,0.151515151515152,5,0.181818181818182
"319",63,21,"ct","chinese",3,3,"Female","V3R2",9.21565,17.47,5,5,5,8,5,5,7,5,0,0,0,0.6,0,0,0.4,0,6.322,1,1,0,4,"2",5,0,6,0.2
"320",64,23,"ct","chinese",3,3,"Male","23RV",8.565616667,14.288,1,9,1,1,1,1,1,1,0,1,0,0,0,0,0,0,6.479,1,1,1,4,"V",3.66666666666667,0.333333333333333,1,0
